time,latitude,longitude,depth,mag,magType,nst,gap,dmin,rms,net,id,updated,place,type,horizontalError,depthError,magError,magNst,status,locationSource,magSource
2026-09-29T12:36:25.009Z,58.185,-155.29,5,0.9,ml,10,94,0,0.1,ak,aka2026thndwq,2026-09-29T12:37:03.880Z,"84 km NW of Karluk, Alaska",earthquake,6.6,,0.5,4,automatic,ak,ak
2026-09-29T12:23:28.728Z,64.024,-147.41,5,1.2,ml,12,120,0.4,0.4,ak,aka2026thmsqy,2026-09-29T12:24:37.935Z,"55 km SW of Harding-Birch Lakes, Alaska",earthquake,3.2,,0.2,6,automatic,ak,ak
2026-09-29T12:18:44.820Z,37.397666931152,-118.60500335693,8.5900001525879,2.51,md,20,129,0.1436,0.08,nc,nc75444342,2026-09-29T12:27:25.362Z,"2 km SSW of Round Valley, CA",earthquake,0.34,2.27999997,0.42,26,automatic,nc,nc
2026-09-29T12:01:52.940Z,36.94649887085,-121.41899871826,8.7299995422363,1.09,md,9,122,0.09461,0.03,nc,nc75444337,2026-09-29T12:03:27.332Z,"11 km N of Hollister, CA",earthquake,0.34,1.70000005,0.2,8,automatic,nc,nc
2026-09-29T11:58:44.260Z,38.792167663574,-122.76166534424,2.9500000476837,0.73,md,8,79,0.02054,0.02,nc,nc75444332,2026-09-29T12:00:22.346Z,"2 km NNW of The Geysers, CA",earthquake,0.48,1.86000001,0.27,9,automatic,nc,nc
2026-09-29T11:57:18.610Z,38.836166381836,-122.79216766357,2.0499999523163,0.73,md,12,70,0.002654,0.02,nc,nc75444327,2026-09-29T11:58:52.296Z,"6 km WNW of Cobb, CA",earthquake,0.32,0.569999993,0.25,12,automatic,nc,nc
2026-09-29T11:55:48.490Z,33.682,-116.73183333333,14.59,0.75,ml,36,50,0.03261,0.11,ci,ci41340519,2026-09-29T11:59:06.966Z,"7 km S of Idyllwild, CA",earthquake,0.15,0.2,0.10331761616892,18,automatic,ci,ci
2026-09-29T11:39:45.314Z,61.749,-149.476,12.7,1.1,ml,8,122,0.2,0.7,ak,aka2026thlgth,2026-09-29T11:40:56.124Z,"12 km W of Fishhook, Alaska",earthquake,10.7,7.5805,0.3,5,automatic,ak,ak
2026-09-29T11:36:37.910Z,40.432998657227,-125.45983123779,2.2799999713898,4.73,mw,192,236,0.8575,0.48,nc,nc75444322,2026-09-29T12:40:33.125Z,"100 km W of Petrolia, CA",earthquake,1.82,39.8800011,,27,reviewed,nc,nc
2026-09-29T11:32:34.580Z,38.836666107178,-122.79233551025,2.2200000286102,1.15,md,18,54,0.002334,0.02,nc,nc75444312,2026-09-29T12:07:21.239Z,"6 km WNW of Cobb, CA",earthquake,0.26,0.49000001,0.13,19,automatic,nc,nc
2026-09-29T11:28:59.900Z,38.835166931152,-122.79266357422,1.960000038147,1.3,md,24,57,0.00371,0.02,nc,nc75444307,2026-09-29T11:52:24.138Z,"6 km WNW of Cobb, CA",earthquake,0.19,0.370000005,0.19,25,automatic,nc,nc
2026-09-29T11:27:48.406Z,-18.2306,167.5446,10,4.8,mb,26,115,3.845,1.09,us,us6000tybs,2026-09-29T11:45:45.040Z,"98 km SW of Port-Vila, Vanuatu",earthquake,7,1.919,0.124,21,reviewed,us,us
2026-09-29T11:20:57.720Z,33.702833333333,-116.734,15.83,0.6,ml,29,44,0.0185,0.14,ci,ci41340511,2026-09-29T11:24:26.417Z,"4 km SSW of Idyllwild, CA",earthquake,0.21,0.38,0.081729786838268,8,automatic,ci,ci
2026-09-29T11:20:09.320Z,33.4895,-116.79133333333,10.5,0.61,ml,41,37,0.0198,0.17,ci,ci41340503,2026-09-29T11:23:40.529Z,"9 km NE of Aguanga, CA",earthquake,0.17,0.36,0.17778076394879,18,automatic,ci,ci
2026-09-29T11:14:59.570Z,19.504667282104,-155.93699645996,14.25,1.78,md,16,223,0.02503,0.300000012,hv,hv75045252,2026-09-29T11:18:29.730Z,"1 km WNW of Captain Cook, Hawaii",earthquake,1.46,1.27999997,0.10351462480764,13,automatic,hv,hv
2026-09-29T11:07:10.840Z,17.948833333333,-66.936833333333,9.85,2.35,md,14,184,0.0355,0.13,pr,pr71535103,2026-09-29T11:49:06.230Z,"3 km SW of Guánica, Puerto Rico",earthquake,0.52,0.35,0.19420519873487,7,reviewed,pr,pr
2026-09-29T10:48:29.500Z,19.141166687012,-155.49433898926,27.420000076294,1.76,md,26,161,0.0336,0.209999993,hv,hv75045242,2026-09-29T10:51:56.490Z,"7 km SSW of Pāhala, Hawaii",earthquake,0.8,1.16999996,0.19482916799654,13,automatic,hv,hv
2026-09-29T10:42:57.409Z,-21.3447,168.5924,10,5,mb,31,93,1.65,0.55,us,us6000tybr,2026-09-29T10:59:19.040Z,"77 km ENE of Tadine, New Caledonia",earthquake,10.59,1.926,0.113,25,reviewed,us,us
2026-09-29T10:34:21.270Z,37.01233291626,-121.47166442871,7.4400000572205,1,md,7,116,0.01659,0.02,nc,nc75444297,2026-09-29T10:35:58.704Z,"9 km E of Gilroy, CA",earthquake,0.56,0.620000005,0.13,5,automatic,nc,nc
2026-09-29T10:26:03.088Z,59.162,-153.117,74.5,2.5,ml,55,222,0.7,1,ak,aka2026thiuub,2026-09-29T10:30:18.975Z,"71 km WSW of Nanwalek, Alaska",earthquake,15.1,7.6967,0.4,35,automatic,ak,ak
2026-09-29T10:24:37.599Z,54.66,-161.5901,49.875,4,mb,37,179,0.877,0.54,us,us6000tybl,2026-09-29T11:08:35.040Z,"64 km SE of King Cove, Alaska",earthquake,5.27,16.046,0.163,10,reviewed,us,us
2026-09-29T10:22:49.156Z,61.544,-149.846,69,1.9,ml,27,86,0.5,0.5,ak,aka2026thisbh,2026-09-29T10:27:17.733Z,"6 km ENE of Big Lake, Alaska",earthquake,5.1,4.03,0.2,19,automatic,ak,ak
2026-09-29T10:22:14.613Z,-3.1213,-75.6413,134.763,4.5,mb,83,95,2.879,0.52,us,us6000tybk,2026-09-29T10:47:49.040Z,"96 km ENE of Alianza Cristiana, Peru",earthquake,10.13,7.683,0.061,79,reviewed,us,us
2026-09-29T10:17:58.960Z,33.6415,-117.89966666667,7.66,2.25,ml,103,72,0.04724,0.25,ci,ci41340495,2026-09-29T12:32:58.030Z,"3 km SSE of Costa Mesa, CA",earthquake,0.21,0.36,0.21519094796777,27,automatic,ci,ci
2026-09-29T10:14:35.593Z,58.195,-136.833,8,3.2,ml,14,165,0.4,1,ak,aka2026thikql,2026-09-29T10:16:29.818Z,"28 km W of Elfin Cove, Alaska",earthquake,7,4.6145,0.4,6,automatic,ak,ak
2026-09-29T10:00:17.110Z,33.3905,-116.38533333333,3.29,0.96,ml,53,26,0.0654,0.2,ci,ci41340487,2026-09-29T10:03:46.432Z,"15 km N of Borrego Springs, CA",earthquake,0.17,0.58,0.14537062172332,24,automatic,ci,ci
2026-09-29T09:50:11.265Z,38.9214,-115.2879,0,3.07,ml,8,188,0.375,0.1433,nn,nn00925017,2026-09-29T10:16:04.025Z,"19 km W of Preston, Nevada",earthquake,,0,0.33,2,reviewed,nn,nn
2026-09-29T09:44:46.301Z,58.29,-154.988,5,0.9,ml,6,131,0,0.1,ak,aka2026thhlbd,2026-09-29T09:45:19.853Z,"86 km NNW of Karluk, Alaska",earthquake,9.1,,0.3,5,automatic,ak,ak
2026-09-29T09:39:39.990Z,19.341833114624,-155.14033508301,4.0300002098083,2.5,ml,54,94,0.04506,0.25,hv,hv75045217,2026-09-29T10:05:39.040Z,"13 km S of Fern Forest, Hawaii",earthquake,0.41,0.970000029,0.51,30,automatic,hv,hv
2026-09-29T09:22:28.030Z,38.826332092285,-122.81449890137,2.079999923706,1.46,md,27,40,0.004533,0.02,nc,nc75444277,2026-09-29T09:47:28.363Z,"7 km NW of The Geysers, CA",earthquake,0.19,0.360000014,0.14,27,automatic,nc,nc
2026-09-29T09:20:26.803Z,58.283,-154.985,5,0.8,ml,6,134,0,0,ak,aka2026thgpyt,2026-09-29T09:21:01.321Z,"85 km NNW of Karluk, Alaska",earthquake,9,,0.2,6,automatic,ak,ak
2026-09-29T08:55:04.920Z,36.858833312988,-121.41683197022,5.1300001144409,1.68,md,27,71,0.08031,0.08,nc,nc75444267,2026-09-29T09:32:23.260Z,"2 km NW of Hollister, CA",earthquake,0.23,1,0.16,20,automatic,nc,nc
2026-09-29T08:47:22.320Z,33.967166666667,-116.94583333333,16.31,1.22,ml,73,24,0.05403,0.17,ci,ci41340479,2026-09-29T08:57:48.160Z,"5 km NE of Beaumont, CA",earthquake,0.15,0.39,0.27501387432291,27,automatic,ci,ci
2026-09-29T08:46:02.272Z,64.984,-141.346,2.1,1.7,ml,10,140,0.6,0.7,ak,aka2026thfmdb,2026-09-29T08:47:22.935Z,"22 km NNW of Eagle, Alaska",earthquake,5.5,4.7467,0.2,4,automatic,ak,ak
2026-09-29T08:41:37.190Z,19.170000076294,-155.50149536133,32.209999084473,1.94,md,42,109,0.03996,0.140000001,hv,hv75045192,2026-09-29T08:44:59.280Z,"4 km SSW of Pāhala, Hawaii",earthquake,0.62,0.610000014,0.13722011018508,14,automatic,hv,hv
2026-09-29T08:29:45.080Z,39.276000976562,-123.2123336792,4.5700001716614,1,md,6,111,0.03096,0.01,nc,nc75444257,2026-09-29T08:31:21.748Z,"1 km NNW of Redwood Valley, CA",earthquake,0.4,0.899999976,0.08,4,automatic,nc,nc
2026-09-29T08:22:36.530Z,33.677166666667,-116.783,16.75,0.74,ml,41,41,0.06666,0.14,ci,ci41340471,2026-09-29T08:26:01.533Z,"9 km SW of Idyllwild, CA",earthquake,0.16,0.33,0.26347029421913,15,automatic,ci,ci
2026-09-29T08:21:56.906Z,13.7623,-92.6345,41.479,4.5,mb,48,189,2.55,1.33,us,us6000tyb6,2026-09-29T12:06:07.040Z,"95 km SSW of Ocós, Guatemala",earthquake,7.41,11.081,0.041,176,reviewed,us,us
2026-09-29T08:19:41.055Z,62.105,-151.552,78,1.9,ml,31,58,0.6,0.7,ak,aka2026thepgr,2026-09-29T08:21:30.136Z,"15 km NNW of Skwentna, Alaska",earthquake,3.9,3.7386,0.2,17,automatic,ak,ak
2026-09-29T08:18:01.420Z,36.125331878662,-120.19583129883,9.9099998474121,1.5,md,11,134,0.04704,0.11,nc,nc75444252,2026-09-29T10:27:24.606Z,"12 km SW of Huron, CA",earthquake,0.49,0.569999993,0.24,6,automatic,nc,nc
2026-09-29T08:17:48.081Z,57.678,-154.489,58.8,2.5,ml,46,97,0.5,0.5,ak,aka2026thenke,2026-09-29T08:21:00.146Z,"12 km N of Karluk, Alaska",earthquake,3.8,3.6518,0.2,30,automatic,ak,ak
2026-09-29T08:13:08.890Z,38.821166992188,-122.797996521,3.1600000858307,1.07,md,23,47,0.009693,0.01,nc,nc75444247,2026-09-29T08:14:46.672Z,"6 km NW of The Geysers, CA",earthquake,0.23,0.469999999,0.18,22,automatic,nc,nc
2026-09-29T08:09:50.480Z,38.837333679199,-122.77249908447,1.8600000143051,0.22,md,7,192,0.006078,0.01,nc,nc75444242,2026-09-29T08:11:26.666Z,"5 km WNW of Cobb, CA",earthquake,1.12,1.32000005,0.09,7,automatic,nc,nc
2026-09-29T08:03:06.370Z,38.822834014893,-122.78833007812,0.81999999284744,0.7,md,10,86,0.01127,0.01,nc,nc75444237,2026-09-29T08:04:41.787Z,"6 km W of Cobb, CA",earthquake,0.4,1.07000005,0.52,10,automatic,nc,nc
2026-09-29T08:01:15.630Z,19.480167388916,-155.49299621582,-1.0800000429153,1.84,md,38,60,0.06023,0.25,hv,hv75045172,2026-09-29T08:04:39.360Z,"27 km W of Volcano, Hawaii",earthquake,0.33,0.529999971,0.13872093345824,11,automatic,hv,hv
2026-09-29T07:54:44.430Z,35.718666666667,-117.56533333333,1.64,1.76,ml,38,48,0.1271,0.13,ci,ci41340463,2026-09-29T08:05:34.750Z,"15 km NE of Ridgecrest, CA",earthquake,0.13,0.34,0.13384793579413,25,automatic,ci,ci
2026-09-29T07:54:03.960Z,35.718833333333,-117.5645,2.29,1.24,ml,29,49,0.1265,0.16,ci,ci41340455,2026-09-29T07:58:05.094Z,"15 km NE of Ridgecrest, CA",earthquake,0.18,0.46,0.14579760402083,16,automatic,ci,ci
2026-09-29T07:39:12.455Z,59.135,-152.055,61.3,1.8,ml,9,151,0.6,0.6,ak,aka2026thdgem,2026-09-29T07:42:18.714Z,"25 km SSW of Nanwalek, Alaska",earthquake,6,8.6785,0.2,5,automatic,ak,ak
2026-09-29T07:22:17.576Z,61.251,-150.273,51.8,1.8,ml,36,61,0.1,0.7,ak,aka2026thcrlf,2026-09-29T07:25:58.751Z,"19 km SW of Point MacKenzie, Alaska",earthquake,2.9,3.3909,0.2,26,automatic,ak,ak
2026-09-29T07:19:41.121Z,60.076,-152.79,105,1.3,ml,15,114,0.1,0.3,ak,aka2026thcpft,2026-09-29T07:21:19.619Z,"60 km WNW of Happy Valley, Alaska",earthquake,15.7,4.2674,0.5,11,automatic,ak,ak
2026-09-29T07:09:43.071Z,62.302,-150.448,5,2,ml,37,88,0.1,0.7,ak,aka2026thcgpn,2026-09-29T07:11:59.071Z,"11 km W of Trapper Creek, Alaska",earthquake,2.4,,0.1,25,automatic,ak,ak
2026-09-29T07:08:34.000Z,38.834999084473,-122.80183410644,1.8799999952316,1.01,md,14,67,0.009598,0.01,nc,nc75444212,2026-09-29T07:10:11.169Z,"7 km WNW of Cobb, CA",earthquake,0.29,0.50999999,0.33,16,automatic,nc,nc
2026-09-29T07:01:20.245Z,61.666,-149.936,15.9,2.1,ml,52,61,0.4,0.8,ak,aka2026thbzin,2026-09-29T07:04:28.697Z,"7 km WNW of Houston, Alaska",earthquake,2.1,2.0719,0.1,31,automatic,ak,ak
2026-09-29T06:58:43.900Z,34.309666666667,-117.74733333333,6.38,0.47,ml,15,95,0.09209,0.1,ci,ci41340447,2026-09-29T07:02:14.611Z,"12 km WSW of Wrightwood, CA",earthquake,0.18,0.56,0.15058275998525,10,automatic,ci,ci
2026-09-29T06:55:33.020Z,37.294998168945,-121.67216491699,3.0599999427795,1.16,md,6,152,0.03596,0.01,nc,nc75444202,2026-09-29T08:12:23.698Z,"15 km E of Seven Trees, CA",earthquake,0.5,0.930000007,0.24,6,automatic,nc,nc
2026-09-29T06:54:15.210Z,19.400833129883,-155.26916503906,0.73000001907349,1.95,ml,27,36,0.003923,0.129999995,hv,hv75045142,2026-09-29T06:57:44.780Z,"5 km SW of Volcano, Hawaii",earthquake,0.12,0.119999997,0.18,9,automatic,hv,hv
2026-09-29T06:51:28.320Z,38.826831817627,-122.81483459473,2.3399999141693,0.9,md,8,112,0.00506,0.01,nc,nc75444197,2026-09-29T06:53:07.007Z,"7 km NW of The Geysers, CA",earthquake,0.45,1.21000004,0.14,9,automatic,nc,nc
2026-09-29T06:38:49.006Z,-55.2555,-28.4628,35,4.8,mb,53,66,4.748,0.88,us,us6000tyat,2026-09-29T06:58:22.040Z,"South Sandwich Islands region",earthquake,9.64,1.568,0.076,54,reviewed,us,us
2026-09-29T06:16:34.063Z,39.6854,143.1352,36.868,4.4,mb,35,189,1.931,0.45,us,us6000tyap,2026-09-29T09:04:08.040Z,"102 km E of Miyako, Japan",earthquake,9.08,9.911,0.124,19,reviewed,us,us
2026-09-29T05:54:09.867Z,38.2147,-117.91,12.7353,1.67,ml,11,136,0.469,0.2394,nn,nn00925012,2026-09-29T05:56:43.890Z,"26 km SE of Mina, Nevada",earthquake,,1.0692,0.53,4,automatic,nn,nn
2026-09-29T05:48:08.820Z,38.829666137695,-122.81666564941,2,0.94,md,12,78,0.008107,0.01,nc,nc75444187,2026-09-29T05:49:46.447Z,"8 km NW of The Geysers, CA",earthquake,0.28,0.709999979,0.23,14,automatic,nc,nc
2026-09-29T05:43:13.450Z,38.793834686279,-122.76266479492,0.75,1.31,md,20,64,0.007162,0.05,nc,nc75444182,2026-09-29T06:17:28.932Z,"2 km NNW of The Geysers, CA",earthquake,0.23,0.419999987,0.16,22,automatic,nc,nc
2026-09-29T05:25:07.310Z,35.314666666667,-117.802,6.09,1.49,ml,35,43,0.05922,0.24,ci,ci41340439,2026-09-29T05:28:39.084Z,"16 km WSW of Johannesburg, CA",earthquake,0.24,0.61,0.17464228677199,29,automatic,ci,ci
2026-09-29T04:49:36.825Z,62.013,-150.745,0.7,1.3,ml,10,123,0.5,0.7,ak,aka2026tgxpdh,2026-09-29T04:50:38.630Z,"34 km E of Skwentna, Alaska",earthquake,4.3,8.6194,0.2,4,automatic,ak,ak
2026-09-29T04:33:21.320Z,38.791332244873,-122.76816558838,4.039999961853,1.06,md,16,76,0.01139,0.02,nc,nc75444157,2026-09-29T04:34:57.001Z,"2 km NNW of The Geysers, CA",earthquake,0.3,0.689999998,0.24,16,automatic,nc,nc
2026-09-29T04:17:10.710Z,17.943333333333,-66.9435,7.78,1.88,md,8,214,0.04388,0.07,pr,pr71535088,2026-09-29T05:41:38.270Z,"4 km SW of Guánica, Puerto Rico",earthquake,0.76,0.23,0.14158680017004,4,reviewed,pr,pr
2026-09-29T04:16:27.199Z,-55.3157,-28.2098,35.08,4.8,mb,27,105,4.9,0.41,us,us6000tyab,2026-09-29T04:33:51.040Z,"South Sandwich Islands region",earthquake,11.87,7.78,0.109,26,reviewed,us,us
2026-09-29T04:14:36.820Z,18.294833333333,-66.094833333333,65.66,2.57,md,21,67,0.01771,0.12,pr,pr71535083,2026-09-29T05:30:31.240Z,"4 km NNE of Aguas Buenas, Puerto Rico",earthquake,0.66,0.52,0.13244762775542,6,reviewed,pr,pr
2026-09-29T03:23:54.418Z,-21.0716,168.4092,10,5.3,mww,73,75,1.775,0.72,us,us6000tya5,2026-09-29T04:14:01.080Z,"76 km NE of Tadine, New Caledonia",earthquake,7.31,1.871,0.069,20,reviewed,us,us
2026-09-29T03:03:36.157Z,62.24,-150.069,62.6,2.3,ml,55,32,0.2,0.7,ak,aka2026tgubfh,2026-09-29T03:27:22.272Z,"9 km SSE of Talkeetna, Alaska",earthquake,2.1,3.1924,0.2,36,automatic,ak,ak
2026-09-29T03:00:31.535Z,60.495,-149.742,8.4,1.4,ml,8,99,0.2,0.2,ak,aka2026tgtynz,2026-09-29T03:01:59.729Z,"4 km E of Cooper Landing, Alaska",earthquake,8.7,5.65,0.4,5,automatic,ak,ak
2026-09-29T02:53:04.180Z,17.999833333333,-66.816166666667,13.16,2.25,md,19,136,0.06491,0.17,pr,pr71535068,2026-09-29T03:26:32.030Z,"0 km NNE of Indios, Puerto Rico",earthquake,0.34,0.34,0.091039931851915,6,reviewed,pr,pr
2026-09-29T02:38:09.960Z,39.360168457031,-123.21183013916,8.1800003051758,1.49,md,8,119,0.05643,0.02,nc,nc75444147,2026-09-29T03:22:22.720Z,"11 km N of Redwood Valley, CA",earthquake,0.43,0.819999993,0.14,8,automatic,nc,nc
2026-09-29T02:26:32.341Z,64.7884,-140.7479,8.676,3,ml,27,80,0.897,0.9,us,us6000ty9x,2026-09-29T02:33:02.040Z,"17 km E of Eagle Village, Alaska",earthquake,1.34,6.169,0.045,64,reviewed,us,us
2026-09-29T02:15:19.830Z,35.963665008545,-120.52600097656,10.609999656677,1.24,md,22,79,0.02177,0.04,nc,nc75444142,2026-09-29T02:52:20.542Z,"11 km NW of Parkfield, CA",earthquake,0.35,0.50999999,0.33,9,automatic,nc,nc
2026-09-29T02:10:05.160Z,19.077833175659,-155.35249328613,32.520000457764,1.75,md,22,255,0.1292,0.140000001,hv,hv75045032,2026-09-29T02:13:32.580Z,"19 km SE of Pāhala, Hawaii",earthquake,0.88,1.00999999,0.072890654815895,11,automatic,hv,hv
2026-09-29T02:09:03.540Z,38.778499603271,-122.74416351318,-0.21999999880791,1.08,md,15,73,0.007495,0.04,nc,nc75444132,2026-09-29T02:10:41.924Z,"1 km E of The Geysers, CA",earthquake,0.18,0.409999996,0.2,13,automatic,nc,nc
2026-09-29T01:46:26.910Z,18.430666666667,-68.900166666667,114.94,3.37,md,7,165,0.4998,0.2,pr,pr71535063,2026-09-29T02:43:20.040Z,"7 km E of La Romana, Dominican Republic",earthquake,2.87,1.15,0.22645022999162,3,reviewed,pr,pr
2026-09-29T01:29:57.887Z,58.171,-155.337,5,1,ml,15,61,0,0.2,ak,aka2026tgqyaj,2026-09-29T01:30:49.368Z,"85 km NW of Karluk, Alaska",earthquake,5.2,,0.1,11,automatic,ak,ak
2026-09-29T00:56:38.430Z,37.039665222168,-121.48899841309,6.1199998855591,0.99,md,12,71,0.01471,0.05,nc,nc75444102,2026-09-29T00:58:12.314Z,"8 km ENE of Gilroy, CA",earthquake,0.33,0.779999971,0.14,8,automatic,nc,nc
2026-09-29T00:55:42.180Z,18.912166666667,-64.158333333333,21.19,3.34,md,10,312,0.4792,0.24,pr,pr71535043,2026-09-29T03:13:33.040Z,"92 km NE of Cruz Bay, U.S. Virgin Islands",earthquake,1.36,16.92,0.11327971845292,10,reviewed,pr,pr
2026-09-29T00:51:15.680Z,35.328333333333,-117.80333333333,6.69,2.11,ml,39,39,0.07001,0.16,ci,ci41340415,2026-09-29T01:12:10.650Z,"16 km WSW of Johannesburg, CA",earthquake,0.16,0.45,0.19896352262195,65,reviewed,ci,ci
2026-09-29T00:44:26.926Z,58.791,-157.657,2.5,2.1,ml,24,135,0.3,0.8,ak,aka2026tgpkof,2026-09-29T00:46:39.257Z,"13 km SSE of Portage Creek, Alaska",earthquake,4.2,2.8603,0.1,14,automatic,ak,ak
2026-09-29T00:11:43.717Z,13.5996,51.1906,10,4.4,mb,26,141,11.244,0.88,us,us6000ty9j,2026-09-29T03:00:34.040Z,"186 km NNE of Caluula, Somalia",earthquake,11.79,1.916,0.12,20,reviewed,us,us
2026-09-29T00:09:30.920Z,33.453666666667,-116.57183333333,12.07,0.41,ml,20,62,0.04816,0.08,ci,ci41340407,2026-09-29T00:12:56.607Z,"15 km SE of Anza, CA",earthquake,0.18,0.32,0.033321481584663,5,automatic,ci,ci
2026-09-29T00:05:23.887Z,54.5068,161.5616,35,4.5,mb,59,135,2.685,0.52,us,us6000ty9i,2026-09-29T01:02:00.040Z,"173 km SE of Atlasovo, Russia",earthquake,6.71,1.916,0.08,46,reviewed,us,us
2026-09-28T23:38:32.970Z,53.955833333333,-166.61,9.01,0.02,ml,4,321,0.08568,0.02,av,av94453741,2026-09-29T08:40:59.210Z,"8 km NNW of Dutch Harbor, Alaska",earthquake,0.67,0.46,0.1584822834803,4,reviewed,av,av
2026-09-28T23:35:37.177Z,57.699,-155.746,19.7,1.5,ml,15,216,0.3,0.5,ak,aka2026tgncwg,2026-09-29T08:43:59.490Z,"78 km W of Karluk, Alaska",earthquake,8.6,5.1612,0.2,5,automatic,ak,ak
2026-09-28T23:31:27.280Z,53.943666666667,-166.5745,10.59,1.43,ml,16,147,0.06763,0.21,av,av94453711,2026-09-29T08:36:58.900Z,"6 km NNW of Dutch Harbor, Alaska",earthquake,0.62,0.92,0.23369312988849,17,reviewed,av,av
2026-09-28T23:27:44.990Z,19.158,-155.50383333333,36.56,1.97,ml,44,179,0.03952,0.15,hv,hv75044967,2026-09-29T02:37:08.040Z,"5 km SSW of Pāhala, Hawaii",earthquake,0.7,0.59,0.12333885488448,16,reviewed,hv,hv
2026-09-28T23:24:23.990Z,19.164667129517,-155.48599243164,33.180000305176,1.75,md,14,240,0.08417,0.109999999,hv,hv75044962,2026-09-28T23:27:56.960Z,"4 km S of Pāhala, Hawaii",earthquake,1.77,1.26999998,0.18061937827058,12,automatic,hv,hv
2026-09-28T23:19:34.660Z,17.9325,-66.943,7.27,2.29,md,16,204,0.05127,0.11,pr,pr71535018,2026-09-28T23:42:00.370Z,"5 km SW of Guánica, Puerto Rico",earthquake,0.46,0.2,0.1721533751292,8,reviewed,pr,pr
2026-09-28T23:11:35.129Z,64.972,-147.482,4.3,1.1,ml,15,47,0.1,0.7,ak,aka2026tgmiar,2026-09-28T23:13:03.906Z,"6 km ENE of Fox, Alaska",earthquake,4.9,4.3868,0.3,8,automatic,ak,ak
2026-09-28T23:00:06.433Z,39.5513,-119.5081,1.7957,1.52,ml,13,55,0.185,0.238,nn,nn00925006,2026-09-29T02:05:36.445Z,"20 km ESE of Spanish Springs, Nevada",explosion,,5.6746,0.29,5,reviewed,nn,nn
2026-09-28T22:54:45.216Z,39.3409,-99.7052,5,3,mb_lg,22,48,1.201,0.35,us,us6000ty8z,2026-09-29T02:20:45.925Z,"2 km SSW of Bogue, Kansas",earthquake,3.06,1.995,0.052,97,reviewed,us,us
2026-09-28T22:50:25.589Z,39.2812,-99.6976,10,2.5,mb_lg,11,75,1.153,0.65,us,us6000ty8y,2026-09-29T02:11:36.040Z,"9 km S of Bogue, Kansas",earthquake,3.63,2.001,0.132,15,reviewed,us,us
2026-09-28T22:32:25.040Z,48.657166666667,-119.92366666667,12.08,1.29,ml,9,201,0.2356,0.37,uw,uw714111362,2026-09-28T22:54:13.740Z,"16 km NW of Conconully, Washington",earthquake,1.19,1.01,0.10824321218216,5,reviewed,uw,uw
2026-09-28T22:25:49.241Z,-24.7523,-179.2457,465.399,4.4,mb,34,134,13.691,0.66,us,us6000ty8v,2026-09-29T00:36:44.040Z,"south of the Fiji Islands",earthquake,16.06,8.763,0.097,31,reviewed,us,us
2026-09-28T22:25:24.610Z,60.031666666667,-153.0965,-2.26,-0.69,ml,5,117,0.03061,0.17,av,av94453666,2026-09-29T08:30:58.510Z,"62 km ENE of Pedro Bay, Alaska",earthquake,0.36,4.05,0.28141485286978,5,reviewed,av,av
2026-09-28T22:17:18.960Z,53.944833333333,-166.56933333333,9.94,1.69,ml,17,147,0.07009,0.22,av,av94453651,2026-09-29T08:26:28.170Z,"6 km NNW of Dutch Harbor, Alaska",earthquake,0.58,0.86,0.23461458423301,17,reviewed,av,av
2026-09-28T22:17:08.910Z,19.130833333333,-155.405,32.21,2.34,ml,53,180,0.05927,0.12,hv,hv75044922,2026-09-29T01:55:03.040Z,"11 km SE of Pāhala, Hawaii",earthquake,0.46,0.46,0.17443977622106,28,reviewed,hv,hv
2026-09-28T22:09:30.990Z,61.866,-147.846,39.5,1.3,ml,12,161,0.1,0.8,ak,aka2026tgkgfi,2026-09-28T22:10:59.251Z,"12 km WNW of Glacier View, Alaska",earthquake,6.9,2.9811,0.3,7,automatic,ak,ak
2026-09-28T22:06:14.710Z,37.764331817627,-121.99416351318,8.3000001907349,1.68,md,11,78,0.05485,0.05,nc,nc75444052,2026-09-28T23:22:23.132Z,"2 km SW of San Ramon, CA",earthquake,0.36,0.870000005,0.21,10,automatic,nc,nc
2026-09-28T22:02:06.120Z,58.335333333333,-154.9165,3.53,-0.07,ml,5,193,0.07729,0.08,av,av94453636,2026-09-29T08:19:27.690Z,"89 km NNW of Karluk, Alaska",earthquake,1.28,0.87,0.19363258638405,5,reviewed,av,av
2026-09-28T21:58:14.240Z,31.6334,-104.4734,4.654,2.6,ml,33,67,0.042,0.29,us,us6000ty8l,2026-09-29T01:47:20.040Z,"60 km S of Whites City, New Mexico",earthquake,1.16,4.414,0.056,62,reviewed,us,us
2026-09-28T21:54:46.070Z,51.926333333333,179.58983333333,4.93,0.67,ml,6,105,0.02386,0.28,av,av94453621,2026-09-29T08:17:26.490Z,"259 km W of Adak, Alaska",earthquake,0.71,1.51,0.27191963045828,6,reviewed,av,av
2026-09-28T21:54:16.223Z,64.755,-147.386,5,1,ml,12,76,0.2,0.3,ak,aka2026tgjszx,2026-09-28T21:55:29.620Z,"1 km WNW of North Pole, Alaska",earthquake,3.5,,0.2,6,automatic,ak,ak
2026-09-28T21:50:32.300Z,60.027,-153.05666666667,3.63,-0.76,ml,5,125,0.02197,0.21,av,av94453616,2026-09-29T08:15:26.280Z,"64 km ENE of Pedro Bay, Alaska",earthquake,0.81,1.65,0.42192858598279,5,reviewed,av,av
2026-09-28T21:22:37.246Z,61.345,-150.635,55.1,2.7,ml,83,27,0.3,0.8,ak,aka2026tgirii,2026-09-28T23:18:23.298Z,"23 km SSW of Susitna, Alaska",earthquake,2.1,3.2625,0.1,52,automatic,ak,ak
2026-09-28T21:18:00.570Z,33.780166666667,-117.5485,6.42,1.03,ml,16,81,0.05265,0.12,ci,ci41340383,2026-09-29T00:59:15.931Z,"10 km S of Corona, CA",earthquake,0.23,0.66,0.083873504261968,6,reviewed,ci,ci
2026-09-28T21:14:30.780Z,58.151166666667,-155.39283333333,1.86,-0.49,ml,6,157,0.0684,0.06,av,av94453576,2026-09-29T08:13:56.060Z,"85 km NW of Karluk, Alaska",earthquake,0.25,1.47,0.27977122700882,6,reviewed,av,av
2026-09-28T21:14:21.600Z,38.819499969482,-122.813331604,2.8699998855591,0.72,md,8,78,0.004648,0.01,nc,nc75444027,2026-09-28T21:15:57.731Z,"7 km NW of The Geysers, CA",earthquake,0.43,1.20000005,0.14,9,automatic,nc,nc
2026-09-28T21:14:17.798Z,58.171,-155.479,4.6,0.6,ml,6,139,0,0.7,ak,aka2026tgikit,2026-09-29T08:09:25.720Z,"89 km SE of King Salmon, Alaska",earthquake,18.7,21.0914,0.2,4,automatic,ak,ak
2026-09-28T21:10:36.544Z,57.89,-156.205,119.6,1.5,ml,29,98,0.1,0.4,ak,aka2026tgihdd,2026-09-28T21:12:08.930Z,"78 km ESE of Egegik, Alaska",earthquake,16,3.5784,0.2,15,automatic,ak,ak
2026-09-28T21:09:47.750Z,53.9465,-166.58366666667,8.41,0.22,ml,7,243,0.08774,0.13,av,av94453551,2026-09-29T08:05:55.430Z,"6 km NNW of Dutch Harbor, Alaska",earthquake,0.73,1,0.15028810441665,7,reviewed,av,av
2026-09-28T21:08:10.601Z,60.4,-150.935,44.4,1.8,ml,30,60,0.4,0.7,ak,aka2026tgiezl,2026-09-28T21:09:39.277Z,"11 km SE of Soldotna, Alaska",earthquake,3.1,6.6633,0.1,18,automatic,ak,ak
2026-09-28T21:06:53.582Z,57.66,-155.033,83.9,1.6,ml,9,259,0.4,0.2,ak,aka2026tgidxu,2026-09-28T21:08:09.043Z,"35 km WNW of Karluk, Alaska",earthquake,17.5,7.5875,0.2,6,automatic,ak,ak
2026-09-28T20:45:47.274Z,60.071,-153.038,3.7,0.6,ml,6,273,0,0,ak,aka2026tghlqb,2026-09-29T07:42:23.970Z,"67 km ENE of Pedro Bay, Alaska",earthquake,66.2,22.1623,0.2,5,automatic,ak,ak
2026-09-28T20:38:37.590Z,55.497333333333,-161.79216666667,14.01,1.96,ml,6,244,0.08223,0.23,av,av94453501,2026-09-29T07:40:23.760Z,"58 km NE of King Cove, Alaska",earthquake,1.24,1.53,0.10616118915951,6,reviewed,av,av
2026-09-28T20:37:41.915Z,61.9,-147.482,22.1,1.6,ml,25,53,0.1,0.9,ak,aka2026tghepd,2026-09-28T20:39:18.938Z,"13 km NE of Glacier View, Alaska",earthquake,3.9,2.6565,0.3,13,automatic,ak,ak
2026-09-28T20:32:07.750Z,58.228833333333,-155.15933333333,3.12,-0.17,ml,5,223,0.05197,0.1,av,av94453491,2026-09-29T08:00:26.050Z,"84 km NNW of Karluk, Alaska",earthquake,0.49,1.08,0.1507327938597,5,reviewed,av,av
2026-09-28T20:30:41.863Z,62.749,-143.843,5,1.6,ml,19,50,0.5,0.5,ak,aka2026tggynw,2026-09-28T20:31:58.894Z,"7 km NE of Slana, Alaska",earthquake,4.2,,0.1,5,automatic,ak,ak
2026-09-28T20:29:42.580Z,60.459166666667,-152.811,7.43,-1.14,ml,4,175,0.0321,0.23,av,av94453486,2026-09-29T07:36:23.440Z,"77 km NW of Ninilchik, Alaska",earthquake,1.34,1.72,0.26318349400769,4,reviewed,av,av
2026-09-28T20:26:27.690Z,38.851333618164,-122.83782958984,0.40000000596046,1.43,md,17,113,0.01178,0.04,nc,nc75443997,2026-09-28T21:12:23.293Z,"10 km WNW of Cobb, CA",earthquake,0.25,0.430000007,0.16,20,automatic,nc,nc
2026-09-28T20:22:03.750Z,38.850833892822,-122.83999633789,-0.070000000298023,0.77,md,15,113,0.01272,0.04,nc,nc75443992,2026-09-28T20:23:42.156Z,"11 km WNW of Cobb, CA",earthquake,0.22,0.519999981,0.21,15,automatic,nc,nc
2026-09-28T20:21:56.990Z,38.853332519531,-122.83999633789,0.14000000059605,0.76,md,8,163,0.01307,0.03,nc,nc75443987,2026-09-28T20:23:32.243Z,"11 km WNW of Cobb, CA",earthquake,0.39,0.430000007,0.16,10,automatic,nc,nc
2026-09-28T20:21:33.820Z,38.851001739502,-122.83683013916,0.86000001430511,0.61,md,7,112,0.01114,0.02,nc,nc75443982,2026-09-28T20:23:12.094Z,"10 km WNW of Cobb, CA",earthquake,0.72,0.689999998,0.15,7,automatic,nc,nc
2026-09-28T20:20:43.210Z,38.848667144775,-122.8373336792,0.60000002384186,2.06,md,30,88,0.01017,0.04,nc,nc75443977,2026-09-28T22:12:22.672Z,"10 km WNW of Cobb, CA",earthquake,0.18,0.319999993,0.14,36,automatic,nc,nc
2026-09-28T20:19:15.420Z,34.002333333333,-117.17933333333,15.2,1.1,ml,35,81,0.06467,0.17,ci,ci41340367,2026-09-28T20:22:39.356Z,"6 km S of Redlands, CA",earthquake,0.22,0.44,0.28825242251997,30,automatic,ci,ci
2026-09-28T20:18:36.854Z,57.588,-154.896,40.6,1.8,ml,14,273,0.5,0.8,ak,aka2026tggoat,2026-09-28T20:20:09.811Z,"26 km W of Karluk, Alaska",earthquake,19.5,11.1755,0.1,11,automatic,ak,ak
2026-09-28T20:16:28.930Z,39.01233291626,-123.48416900635,1.960000038147,2.1,md,14,63,0.1086,0.08,nc,nc75443972,2026-09-28T21:57:22.568Z,"10 km W of Boonville, CA",earthquake,0.29,6.4000001,0.08,15,automatic,nc,nc
2026-09-28T20:08:53.610Z,53.940666666667,-166.58416666667,12.47,0.78,ml,9,152,0.06356,0.25,av,av94453456,2026-09-29T07:57:54.820Z,"6 km NNW of Dutch Harbor, Alaska",earthquake,0.87,1.07,0.14773218638763,9,reviewed,av,av
2026-09-28T20:06:45.040Z,53.944,-166.57433333333,10.72,1.1,ml,13,150,0.0676,0.22,av,av94453446,2026-09-29T07:33:53.210Z,"6 km NNW of Dutch Harbor, Alaska",earthquake,0.62,0.93,0.22037520234163,13,reviewed,av,av
2026-09-28T19:59:16.619Z,60.719,-149.587,25.5,2.1,ml,41,73,0.4,0.6,ak,aka2026tgfxhm,2026-09-28T23:17:53.540Z,"20 km SSW of Sunrise, Alaska",earthquake,2.6,2.1908,0.1,25,automatic,ak,ak
2026-09-28T19:55:47.950Z,47.239,-123.72416666667,-0.36,1.04,ml,10,133,0.04976,0.58,uw,uw714111162,2026-09-28T22:41:16.870Z,"17 km E of Humptulips, Washington",explosion,2.64,31.61,0.19552120923525,6,reviewed,uw,uw
2026-09-28T19:45:07.515Z,36.0809,139.7782,70.972,4.9,mww,89,119,1.348,0.66,us,us6000ty7u,2026-09-29T11:07:59.232Z,"2 km SW of Sakai, Japan",earthquake,8.09,5.44,0.073,18,reviewed,us,us
2026-09-28T19:41:33.687Z,58.288,-154.984,5,0.8,ml,6,133,0,0.1,ak,aka2026tgfhyd,2026-09-29T07:26:22.740Z,"86 km NNW of Karluk, Alaska",earthquake,9.1,,0.3,4,automatic,ak,ak
2026-09-28T19:25:46.246Z,31.657,-104.423,6.2024,1.7,ml,20,71,0,0.2,tx,tx2026tdcsfk,2026-09-28T19:46:04.990Z,"57 km S of Whites City, New Mexico",earthquake,0.96880795095856,0.71597715423023,0.1,17,reviewed,tx,tx
2026-09-28T19:25:18.105Z,38.7131,-117.0961,15.9509,1.93,ml,8,230,0.529,0.4345,nn,nn00924997,2026-09-28T19:43:30.060Z,"55 km S of Kingston, Nevada",explosion,,3.5977,0.66,5,reviewed,nn,nn
2026-09-28T19:19:54.480Z,18.7485,-64.940333333333,23.6,2.91,md,7,223,0.3943,0.21,pr,pr71535013,2026-09-28T19:52:07.200Z,"45 km N of Charlotte Amalie, U.S. Virgin Islands",earthquake,2.63,12.8,0.028245641067096,3,reviewed,pr,pr
2026-09-28T19:12:23.485Z,31.555,-104.136,7.1252,1.7,ml,25,68,0,0.2,tx,tx2026tdcgrl,2026-09-28T19:29:03.958Z,"42 km NW of Toyah, Texas",earthquake,0.61365566555339,0.50136913867634,0.1,19,reviewed,tx,tx
2026-09-28T19:11:56.130Z,49.305833333333,-122.65216666667,-0.46,1.48,md,8,258,0.6386,0.07,uw,uw714111082,2026-09-28T22:33:35.320Z,"9 km ENE of Port Coquitlam, Canada",explosion,1.9,31.61,0.06601983725025,6,reviewed,uw,uw
2026-09-28T19:08:23.810Z,60.062666666667,-153.0445,0.51,-0.97,ml,5,258,0.01097,0.12,av,av94453351,2026-09-29T06:57:21.250Z,"66 km ENE of Pedro Bay, Alaska",earthquake,0.66,0.3,0.30205923854259,4,reviewed,av,av
2026-09-28T19:02:41.838Z,31.65,-104.46,6.7664,2.1,ml,36,72,0,0.2,tx,tx2026tdbyif,2026-09-28T19:34:19.671Z,"58 km S of Whites City, New Mexico",earthquake,1.0791671977982,0.68629486132213,0.2,30,reviewed,tx,tx
2026-09-28T19:02:36.320Z,36.030833333333,-117.77516666667,1.44,1.12,ml,16,67,0.009797,0.09,ci,ci41340343,2026-09-28T20:10:18.153Z,"16 km E of Coso Junction, CA",earthquake,0.14,0.17,0.15274379058938,11,reviewed,ci,ci
2026-09-28T18:59:52.783Z,31.659,-104.469,5.6897,1.8,ml,14,72,0,0.1,tx,tx2026tdbvxd,2026-09-28T19:37:22.410Z,"57 km S of Whites City, New Mexico",earthquake,0.79223704227778,0.60062130972828,0.1,18,reviewed,tx,tx
2026-09-28T18:59:47.370Z,38.839168548584,-122.77749633789,2.0999999046326,0.57,md,8,131,0.003534,0.03,nc,nc75443947,2026-09-28T19:01:21.644Z,"5 km WNW of Cobb, CA",earthquake,1.12,1.79999995,0.44,8,automatic,nc,nc
2026-09-28T18:53:02.890Z,33.4645,-116.52733333333,11.07,0.37,ml,13,120,0.07014,0.13,ci,ci10254510,2026-09-28T22:00:55.867Z,"17 km SE of Anza, CA",earthquake,0.31,0.97,0.04438286509684,3,reviewed,ci,ci
2026-09-28T18:52:43.400Z,33.461666666667,-116.52666666667,10.44,0.65,ml,25,53,0.07193,0.16,ci,ci41340335,2026-09-28T21:55:51.743Z,"17 km SE of Anza, CA",earthquake,0.24,0.47,0.12843161891898,14,reviewed,ci,ci
2026-09-28T18:40:09.739Z,58.795,-152.668,54.8,1.8,ml,8,149,0.2,0.6,ak,aka2026tgdgrz,2026-09-28T18:41:09.142Z,"75 km SW of Nanwalek, Alaska",earthquake,12.9,9.5879,0.6,4,automatic,ak,ak
2026-09-28T18:37:22.650Z,47.883333333333,-122.71566666667,-0.03,1.23,ml,10,136,0.1013,0.44,uw,uw714111042,2026-09-28T22:38:20.260Z,"5 km SSW of Port Ludlow, Washington",explosion,1.01,31.61,0.042131546688707,3,reviewed,uw,uw
2026-09-28T18:36:51.200Z,38.822498321533,-122.79183197022,1.1299999952316,0.5,md,8,110,0.01428,0.01,nc,nc75443937,2026-09-28T18:38:27.523Z,"6 km NNW of The Geysers, CA",earthquake,0.4,1.11000001,0.38,8,automatic,nc,nc
2026-09-28T18:27:51.800Z,58.2295,-155.15733333333,2.99,-0.4,ml,6,222,0.05189,0.12,av,av94453326,2026-09-29T06:33:50.060Z,"84 km NNW of Karluk, Alaska",earthquake,0.48,1.13,0.22116926936516,6,reviewed,av,av
2026-09-28T18:23:11.535Z,60.089,-150.961,50.2,2.2,ml,52,74,0.3,0.6,ak,aka2026tgcrze,2026-09-28T19:38:56.772Z,"25 km N of Fox River, Alaska",earthquake,2.8,3.2337,0.2,34,automatic,ak,ak
2026-09-28T18:20:44.330Z,23.702,121.8063,19.011,4.6,mwr,74,67,0.508,0.94,us,us6000ty73,2026-09-28T22:45:54.390Z,"36 km SE of Hualien City, Taiwan",earthquake,3.15,3.916,0.071,19,reviewed,us,us
2026-09-28T18:17:29.480Z,35.6675,-117.47016666667,6.97,0.39,ml,9,125,0.0379,0.15,ci,ci41340327,2026-09-28T19:05:34.081Z,"13 km SSW of Searles Valley, CA",earthquake,0.63,0.99,0.063074176030554,2,reviewed,ci,ci
2026-09-28T18:15:53.860Z,38.821334838867,-122.79816436768,1.9700000286102,1.08,md,16,48,0.009528,0.02,nc,nc75443932,2026-09-28T18:17:32.487Z,"6 km NW of The Geysers, CA",earthquake,0.3,0.540000021,0.16,17,automatic,nc,nc
2026-09-28T18:13:41.330Z,32.152,-101.035,6.2256,1.5,ml,21,72,0.3,0.1,tx,tx2026tdaiaq,2026-09-28T19:42:03.035Z,"22 km S of Westbrook, Texas",earthquake,0.7908478938659,2.6232822285066,0.2,23,reviewed,tx,tx
2026-09-28T18:10:50.320Z,36.553165435791,-121.05500030518,10.130000114441,1.4,md,8,152,0.02816,0.14,nc,nc75443927,2026-09-28T18:52:21.330Z,"8 km ENE of Pinnacles, CA",earthquake,1.84,2.77999997,0.27,8,automatic,nc,nc
2026-09-28T18:06:02.140Z,35.919666666667,-117.68483333333,8.72,0.7,ml,19,54,0.03969,0.15,ci,ci41340319,2026-09-28T18:55:37.976Z,"20 km E of Little Lake, CA",earthquake,0.27,0.47,0.26820616397977,9,reviewed,ci,ci
2026-09-28T17:56:41.710Z,38.82483291626,-122.86516571045,2.0599999427795,0.76,md,8,142,0.007021,0.02,nc,nc75443922,2026-09-28T17:58:17.219Z,"11 km WNW of The Geysers, CA",earthquake,0.49,0.829999983,0.14,8,automatic,nc,nc
2026-09-28T17:55:53.431Z,60.169,-151.738,71.4,2.6,ml,105,56,0.5,0.7,ak,aka2026tgbuia,2026-09-28T18:07:57.381Z,"13 km NNW of Ninilchik, Alaska",earthquake,2.4,2.063,0.2,72,automatic,ak,ak
2026-09-28T17:54:33.650Z,33.291333333333,-116.2785,10.61,0.8,ml,39,70,0.07548,0.19,ci,ci41340303,2026-09-28T18:55:51.523Z,"10 km ENE of Borrego Springs, CA",earthquake,0.27,0.55,0.13060123991164,11,reviewed,ci,ci
2026-09-28T17:52:54.490Z,43.121833333333,-123.55533333333,-0.52,1.66,ml,9,69,0.09506,0.19,uw,uw714111012,2026-09-28T22:19:16.320Z,"8 km SW of Lookingglass, Oregon",explosion,0.64,31.61,0.16696069783174,3,reviewed,uw,uw
2026-09-28T17:49:00.650Z,60.045,-153.075,-0.13,-0.67,ml,6,90,0.01365,0.14,av,av94453276,2026-09-29T06:09:48.760Z,"64 km ENE of Pedro Bay, Alaska",earthquake,0.27,0.91,0.29608084489617,5,reviewed,av,av
2026-09-28T17:46:58.070Z,36.061668395996,-120.62249755859,5.6399998664856,1.39,md,22,126,0.02248,0.07,nc,nc75443917,2026-09-28T18:22:23.121Z,"25 km NW of Parkfield, CA",earthquake,0.34,0.610000014,0.19,9,automatic,nc,nc
2026-09-28T17:37:55.108Z,13.3879,51.4935,10,4.8,mb,44,133,6.996,0.94,us,us6000ty71,2026-09-28T17:51:48.040Z,"155 km NNW of Kilmia, Yemen",earthquake,11.44,1.929,0.083,45,reviewed,us,us
2026-09-28T17:35:06.839Z,62.835,-150.125,68.3,2.9,ml,123,28,0.4,1.2,ak,aka2026tgbcma,2026-09-28T21:01:53.040Z,"43 km N of Chase, Alaska",earthquake,2,3.6967,0.2,88,automatic,ak,ak
2026-09-28T17:18:06.240Z,49.367833333333,-120.5185,-0.36,2.2,ml,10,181,0.5859,0.34,uw,uw714110992,2026-09-28T22:30:37.580Z,"10 km S of Princeton, Canada",explosion,2.23,31.61,0.10103128273086,6,reviewed,uw,uw
2026-09-28T17:17:01.290Z,35.311,-117.797,6.98,0.81,ml,18,90,0.05903,0.14,ci,ci41340295,2026-09-28T20:27:55.582Z,"16 km WSW of Johannesburg, CA",earthquake,0.22,0.45,0.16628538354245,5,reviewed,ci,ci
2026-09-28T17:14:29.620Z,33.71,-116.7605,16.46,0.72,ml,19,130,0.03864,0.07,ci,ci41340287,2026-09-28T18:57:25.832Z,"5 km SW of Idyllwild, CA",earthquake,0.25,0.34,0.17225414056308,16,reviewed,ci,ci
2026-09-28T17:07:46.000Z,18.018333333333,-66.824,16.65,2.01,md,7,148,0.06796,0.08,pr,pr71535008,2026-09-28T17:33:47.030Z,"2 km N of Indios, Puerto Rico",earthquake,0.42,0.65,0.12954559182154,4,reviewed,pr,pr
2026-09-28T17:06:44.690Z,33.524666666667,-116.41766666667,13.31,0.34,ml,14,78,0.1273,0.14,ci,ci10254486,2026-09-28T19:31:41.757Z,"18 km SSW of La Quinta, CA",earthquake,0.29,1.25,0.10519575255442,4,reviewed,ci,ci
2026-09-28T17:06:35.620Z,33.522666666667,-116.4205,11.41,0.58,ml,18,77,0.1299,0.1,ci,ci41340279,2026-09-28T19:28:07.152Z,"19 km SSW of La Quinta, CA",earthquake,0.18,0.74,0.10013116857832,6,reviewed,ci,ci
2026-09-28T16:52:23.490Z,44.214833333333,-110.6355,9.1,0.91,md,10,133,0.09168,0.24,uu,uu80158191,2026-09-28T17:43:19.650Z,"55 km E of Warm River, Idaho",earthquake,0.73,1.61,0.19887517295403,9,reviewed,uu,uu
2026-09-28T16:44:00.462Z,59.675,-152.558,87,3.6,ml,222,75,0.3,0.9,ak,aka2026tfzjzc,2026-09-28T20:14:31.434Z,"42 km WSW of Anchor Point, Alaska",earthquake,2,1.1765,0.2,125,automatic,ak,ak
2026-09-28T16:43:39.330Z,33.483833333333,-116.47666666667,12.88,1.17,ml,57,48,0.1059,0.17,ci,ci41340263,2026-09-28T18:56:38.195Z,"20 km ESE of Anza, CA",earthquake,0.16,0.44,0.18145192598559,26,reviewed,ci,ci
2026-09-28T16:43:00.397Z,31.892,-101.748,8.8623,1.5,ml,34,58,0.1,0.1,tx,tx2026tcxhub,2026-09-28T16:56:07.578Z,"25 km W of Garden City, Texas",earthquake,0.49351331022068,0.63337936312234,0.2,19,reviewed,tx,tx
2026-09-28T16:39:03.201Z,61.591,-151.308,5,1.9,ml,33,85,0.3,0.7,ak,aka2026tfzfrs,2026-09-29T05:57:48.080Z,"42 km W of Susitna, Alaska",earthquake,3.1,,0.2,20,automatic,ak,ak
2026-09-28T16:38:02.540Z,41.275666666667,-111.72266666667,11.13,1.04,md,15,83,0.141,0.12,uu,uu80158186,2026-09-28T17:37:32.780Z,"4 km ENE of Huntsville, Utah",earthquake,0.31,0.63,0.24903052933005,12,reviewed,uu,uu
2026-09-28T16:37:54.260Z,38.811832427979,-122.79266357422,2.9000000953674,1.58,md,31,76,0.004375,0.02,nc,nc75443882,2026-09-28T17:47:29.885Z,"5 km NW of The Geysers, CA",earthquake,0.22,0.379999995,0.17,33,automatic,nc,nc
2026-09-28T16:24:39.360Z,58.415,-153.843,82.8,1.9,ml,35,112,0.3,0.3,ak,aka2026tfytfk,2026-09-28T16:26:18.971Z,"67 km NW of Aleneva, Alaska",earthquake,6.3,4.4361,0.3,21,automatic,ak,ak
2026-09-28T16:19:43.910Z,38.836334228516,-122.78549957275,1.7699999809265,0.7,md,12,81,0.004314,0.02,nc,nc75443867,2026-09-28T16:21:22.241Z,"6 km WNW of Cobb, CA",earthquake,0.34,0.419999987,0.3,13,automatic,nc,nc
2026-09-28T16:19:25.680Z,38.835998535156,-122.78600311279,1.8500000238419,0.7,md,11,82,0.004158,0.01,nc,nc75443862,2026-09-28T16:21:02.536Z,"6 km WNW of Cobb, CA",earthquake,0.35,0.519999981,0.21,11,automatic,nc,nc
2026-09-28T16:11:04.315Z,31.682,-101.744,5.4443,1.7,ml,34,59,0,0.2,tx,tx2026tcwgla,2026-09-28T16:37:49.354Z,"32 km SW of Garden City, Texas",earthquake,0.6614472658001,0.71462136674059,0.2,28,reviewed,tx,tx
2026-09-28T16:00:37.080Z,37.470664978027,-118.83683013916,3.75,1.57,md,17,155,0.1193,0.04,nc,nc75443857,2026-09-28T16:32:20.343Z,"17 km SW of Toms Place, CA",earthquake,0.35,1.75,0.18,17,automatic,nc,nc
2026-09-28T15:56:11.554Z,61.192,-149.56,26.4,1.5,ml,22,89,0.1,0.7,ak,aka2026tfxuni,2026-09-28T15:57:39.489Z,"8 km SSE of Elmendorf Air Force Base, Alaska",earthquake,4,2.2891,0.2,9,automatic,ak,ak
2026-09-28T15:48:40.790Z,38.865165710449,-122.82150268555,1.3300000429153,0.72,md,14,129,0.01059,0.03,nc,nc75443852,2026-09-28T15:50:17.324Z,"10 km WNW of Cobb, CA",earthquake,0.49,0.620000005,0.13,16,automatic,nc,nc
2026-09-28T15:19:34.983Z,62.983,-151.034,123.9,2,ml,37,53,0.5,0.6,ak,aka2026tfwoxo,2026-09-28T15:22:09.117Z,"55 km NNW of Petersville, Alaska",earthquake,3.4,3.3109,0.2,16,automatic,ak,ak
2026-09-28T15:04:51.704Z,63.499,-151.61,0.3,2.2,ml,33,64,0.2,1,ak,aka2026tfwcav,2026-09-28T15:07:09.149Z,"7 km SE of Denali National Park, Alaska",earthquake,2.9,2.2634,0.2,17,automatic,ak,ak
2026-09-28T15:01:39.183Z,5.634,127.0338,78.202,4.9,mb,65,77,2.031,0.67,us,us6000ty5m,2026-09-28T15:28:15.040Z,"124 km SE of Pondaguitan, Philippines",earthquake,10.46,5.923,0.06,102,reviewed,us,us
2026-09-28T14:55:55.260Z,63.492,-151.62,5,4.2,ml,194,28,0.2,1.4,ak,aka2026tfvugv,2026-09-28T17:14:23.040Z,"7 km SE of Denali National Park, Alaska",earthquake,1.7,0,0.1,137,reviewed,ak,ak
2026-09-28T14:52:43.613Z,31.635,-104.46,6.1255,2.4,ml,19,74,0,0.2,tx,tx2026tctqqi,2026-09-28T15:00:37.378Z,"60 km S of Whites City, New Mexico",earthquake,1.7969976506934,0.96771400077236,0.2,18,reviewed,tx,tx
2026-09-28T14:43:10.687Z,5.2548,94.3303,45.734,4.7,mb,54,73,6.196,0.5,us,us6000ty5h,2026-09-28T16:47:51.040Z,"115 km WSW of Banda Aceh, Indonesia",earthquake,10.34,6.24,0.095,34,reviewed,us,us
2026-09-28T14:42:31.470Z,6.8087,-72.9604,155.23,4.3,mb,100,103,0.918,0.72,us,us6000ty5f,2026-09-28T16:35:21.040Z,"6 km NNE of Cepitá, Colombia",earthquake,7.17,10.564,0.063,71,reviewed,us,us
2026-09-28T14:33:45.300Z,34.931166666667,-119.42733333333,9.81,1.01,ml,20,87,0.01468,0.16,ci,ci41340247,2026-09-28T21:34:25.261Z,"14 km S of Maricopa, CA",earthquake,0.32,0.53,0.11447828006194,12,reviewed,ci,ci
2026-09-28T14:25:59.130Z,33.653,-116.70366666667,16.56,1.13,ml,40,35,0.02953,0.13,ci,ci41340239,2026-09-28T16:22:51.993Z,"10 km S of Idyllwild, CA",earthquake,0.16,0.31,0.24068952941784,24,reviewed,ci,ci
2026-09-28T14:19:39.290Z,33.270666666667,-116.81133333333,15.05,0.46,ml,20,47,0.05601,0.15,ci,ci41340231,2026-09-28T18:56:54.799Z,"6 km NW of Lake Henshaw, CA",earthquake,0.25,0.5,0.2071621914345,8,reviewed,ci,ci
2026-09-28T14:16:30.198Z,62.916,-148.145,47.5,1.9,ml,26,94,0.6,0.9,ak,aka2026tfumbw,2026-09-28T14:18:59.423Z,"66 km SE of Cantwell, Alaska",earthquake,3.7,10.29,0.2,15,automatic,ak,ak
2026-09-28T14:00:41.104Z,31.8082,138.8008,290.166,4.3,mb,44,65,3.973,1.12,us,us6000ty5c,2026-09-28T16:16:03.040Z,"Izu Islands, Japan region",earthquake,7.26,8.062,0.101,28,reviewed,us,us
2026-09-28T13:55:21.865Z,59.805,-151.41,58,1.7,ml,21,102,0.3,0.5,ak,aka2026tftttk,2026-09-28T13:56:28.977Z,"10 km NW of Fritz Creek, Alaska",earthquake,5.7,4.5487,0.1,7,automatic,ak,ak
2026-09-28T13:55:17.060Z,44.216166666667,-110.61566666667,11.83,0.85,md,9,139,0.0792,0.15,uu,uu80158181,2026-09-28T16:28:51.560Z,"57 km E of Warm River, Idaho",earthquake,0.72,0.89,0.2409145334463,9,reviewed,uu,uu
2026-09-28T13:49:56.870Z,61.306166666667,-152.35433333333,0.91,-0.62,ml,8,142,0.04802,0.2,av,av94453036,2026-09-29T03:45:41.660Z,"70 km WNW of Tyonek, Alaska",earthquake,0.48,3.12,0.15694105181642,8,reviewed,av,av
2026-09-28T13:47:38.590Z,44.212166666667,-110.61633333333,11.85,1.77,ml,11,140,0.08205,0.14,uu,uu80158176,2026-09-28T16:24:02.340Z,"57 km E of Warm River, Idaho",earthquake,0.56,0.41,0.064787782121111,3,reviewed,uu,uu
2026-09-28T13:38:40.724Z,-9.5835,159.5458,10,4.9,mb,45,97,14.035,0.94,us,us6000ty5b,2026-09-28T14:56:24.040Z,"22 km WNW of Malango, Solomon Islands",earthquake,11.84,1.89,0.071,62,reviewed,us,us
2026-09-28T13:32:23.350Z,38.80683517456,-122.78016662598,3.0599999427795,0.82,md,13,66,0.006427,0.02,nc,nc75443827,2026-09-28T13:34:01.054Z,"4 km NNW of The Geysers, CA",earthquake,0.32,0.800000012,0.11,13,automatic,nc,nc
2026-09-28T13:30:32.105Z,41.1377,-127.4517,10,3.2,ml,22,277,2.589,0.67,us,us6000ty59,2026-09-28T16:01:01.040Z,"275 km W of Indianola, California",earthquake,11.81,2.024,0.038,92,reviewed,us,us
2026-09-28T13:27:05.880Z,19.13733291626,-155.51184082031,32.900001525879,2.26,md,39,155,0.05033,0.180000007,hv,hv75044692,2026-09-28T13:30:47.490Z,"8 km SSW of Pāhala, Hawaii",earthquake,0.67,0.620000005,0.081560215729986,10,automatic,hv,hv
2026-09-28T13:22:39.769Z,82.6385,-7.1923,10,5.4,mww,81,60,1.667,0.56,us,us6000ty57,2026-09-28T15:29:02.635Z,"north of Svalbard",earthquake,9.29,1.733,0.068,21,reviewed,us,us
2026-09-28T13:15:28.116Z,63.767,-148.775,114.2,3.1,ml,134,22,0.1,1,ak,aka2026tfsled,2026-09-28T15:44:47.040Z,"7 km ENE of Denali Park, Alaska",earthquake,2.1,2.325,0.2,90,automatic,ak,ak
2026-09-28T13:08:33.960Z,58.226833333333,-154.8125,4.22,-0.26,ml,5,221,0.1154,0.1,av,av93067444,2026-09-29T04:31:43.900Z,"76 km NNW of Karluk, Alaska",earthquake,0.9,3.93,0.17015561558657,5,reviewed,av,av
2026-09-28T13:02:28.640Z,33.6655,-116.76466666667,10.73,0.4,ml,19,119,0.06203,0.14,ci,ci41340223,2026-09-28T19:23:50.442Z,"9 km SSW of Idyllwild, CA",earthquake,0.31,0.56,0.11200194479803,5,reviewed,ci,ci
2026-09-28T12:59:48.301Z,57.927,-155.716,15.5,1,ml,11,169,0.1,0.3,ak,aka2026tfrxpf,2026-09-29T03:33:40.830Z,"85 km WNW of Karluk, Alaska",earthquake,8.8,10.7754,0.2,4,automatic,ak,ak
2026-09-28T12:57:55.010Z,37.292835235596,-122.19816589356,1.8999999761581,1.26,md,8,90,0.0124,0.08,nc,nc75443797,2026-09-28T13:37:23.131Z,"11 km SSE of Portola Valley, CA",earthquake,0.34,0.600000024,0.14,8,automatic,nc,nc
2026-09-28T12:54:11.660Z,19.114166259766,-155.5059967041,31.89999961853,1.71,md,12,242,0.1337,0.159999996,hv,hv75044682,2026-09-28T12:57:44.700Z,"9 km ENE of Naalehu, Hawaii",earthquake,1.17,1.20000005,0.15322130689734,13,automatic,hv,hv
2026-09-28T12:45:37.600Z,52.089333333333,-176.21816666667,9.17,0.98,ml,6,288,0.02543,0.23,av,av94452961,2026-09-29T03:18:39.880Z,"37 km NE of Adak, Alaska",earthquake,1.24,1.18,0.20788056075548,6,reviewed,av,av
2026-09-28T12:45:23.570Z,54.063666666667,-166.00616666667,15.29,0.29,ml,5,287,0.02696,0.21,av,av93067434,2026-09-29T03:26:40.380Z,"17 km WSW of Akutan, Alaska",earthquake,1.73,1.09,0.39184531671278,6,reviewed,av,av
2026-09-28T12:45:00.670Z,19.132833480835,-155.51300048828,32.639999389648,2.3,md,42,159,0.05309,0.180000007,hv,hv75044662,2026-09-28T12:48:25.980Z,"8 km SSW of Pāhala, Hawaii",earthquake,0.7,0.720000029,0.075886207664327,11,automatic,hv,hv
