time,latitude,longitude,depth,mag,magType,nst,gap,dmin,rms,net,id,updated,place,type,horizontalError,depthError,magError,magNst,status,locationSource,magSource
2026-05-26T14:38:28.430Z,19.180500030518,-155.3056640625,41.20000076294,2.36,md,32,187,0.1037,0.109999999,hv,hv74968962,2026-05-26T14:41:58.440Z,"18 km E of Pāhala, Hawaii",earthquake,0.57,0.720000029,0.080453330521218,12,automatic,hv,hv
2026-05-26T14:35:22.990Z,38.823333740234,-122.84549713135,2.1199998855591,1.32,md,22,105,0.008179,0.03,nc,nc75369257,2026-05-26T14:37:00.826Z,"9 km WNW of The Geysers, CA",earthquake,0.22,0.370000005,0.15,23,automatic,nc,nc
2026-05-26T14:34:37.307Z,37.4518,-116.7043,2.6071,1.61,ml,21,151,0.308,0.1679,nn,nn00919223,2026-05-26T14:38:42.789Z,"54 km ESE of Goldfield, Nevada",earthquake,,2.0927,0.17,8,automatic,nn,nn
2026-05-26T14:23:19.580Z,38.83716583252,-122.80333709717,2.0099999904633,0.7,md,8,78,0.01022,0,nc,nc75369242,2026-05-26T14:42:21.402Z,"7 km WNW of Cobb, CA",earthquake,0.45,1.57000005,0.45,9,automatic,nc,nc
2026-05-26T14:22:41.210Z,34.9295,-97.63633333,9.7,1.86,ml,97,47,0.03419329011,0.24,ok,ok2026kgak,2026-05-26T14:47:00.172Z,"8 km NE of Bradley, Oklahoma",earthquake,,0.7,0.22,47,reviewed,ok,ok
2026-05-26T14:02:55.260Z,38.808334350586,-122.79483032227,3.2799999713898,0.49,md,6,107,0.0005198,0.01,nc,nc75369237,2026-05-26T14:27:23.230Z,"5 km NW of The Geysers, CA",earthquake,0.6,1.83000004,0.25,8,automatic,nc,nc
2026-05-26T13:43:57.825Z,64.7326,-150.6626,10,3.6,ml,64,27,0.694,0.78,us,us6000t08b,2026-05-26T14:42:17.040Z,"29 km S of Manley Hot Springs, Alaska",earthquake,2.38,1.971,0.031,133,reviewed,us,us
2026-05-26T13:38:52.153Z,29.097,-97.776,7.8616,1.8,ml,26,75,0.1,0.4,tx,tx2026khflhj,2026-05-26T13:53:46.255Z,"18 km S of Nixon, Texas",earthquake,0.97784231415006,1.9935543436692,0.1,13,reviewed,tx,tx
2026-05-26T13:33:32.060Z,38.82500076294,-122.75949859619,2.1300001144409,1.01,md,10,223,0.009798,0.02,nc,nc75369227,2026-05-26T14:42:21.324Z,"3 km W of Cobb, CA",earthquake,0.8,0.629999995,0.26,12,automatic,nc,nc
2026-05-26T13:23:01.600Z,35.2975,-117.8095,8.35,1.26,ml,35,60,0.04223,0.16,ci,ci41474928,2026-05-26T13:39:15.821Z,"18 km WSW of Johannesburg, CA",earthquake,0.17,0.4,0.17250902370007,27,reviewed,ci,ci
2026-05-26T13:22:53.704Z,29.092,-97.772,6.327,3,ml,20,75,0.1,0.2,tx,tx2026khexni,2026-05-26T14:11:16.040Z,"19 km S of Nixon, Texas",earthquake,0.81814616959112,0.84684995495252,0.1,25,reviewed,tx,tx
2026-05-26T13:10:53.430Z,38.84033203125,-122.78350067139,1.6399999856949,0.96,md,6,197,0.005679,0.02,nc,nc75369207,2026-05-26T14:17:26.247Z,"6 km WNW of Cobb, CA",earthquake,0.6,1.23000002,0.28,8,automatic,nc,nc
2026-05-26T12:51:54.750Z,37.390166666667,-112.5745,14.26,1.52,ml,8,138,0.2165,0.17,uu,uu80141086,2026-05-26T14:13:20.720Z,"8 km NNE of Glendale, Utah",earthquake,0.79,2.31,0.18610360217693,5,reviewed,uu,uu
2026-05-26T12:04:34.080Z,38.830165863037,-122.79933166504,9.1899995803833,0.93,md,15,62,0.01078,0.16,nc,nc75369172,2026-05-26T13:07:23.693Z,"7 km W of Cobb, CA",earthquake,1.16,2.51999998,0.26,17,automatic,nc,nc
2026-05-26T11:53:37.850Z,38.76549911499,-122.69966888428,1.1799999475479,0.93,md,8,119,0.002691,0.01,nc,nc75369162,2026-05-26T12:37:20.500Z,"1 km SSW of Anderson Springs, CA",earthquake,0.35,0.389999986,0.4,9,automatic,nc,nc
2026-05-26T11:45:21.984Z,62.6357,-149.6128,55.089,2.6,ml,49,29,0.547,0.53,us,us6000t07x,2026-05-26T12:07:58.040Z,"32 km NE of Chase, Alaska",earthquake,3.73,12.164,0.038,90,reviewed,us,us
2026-05-26T11:40:02.079Z,31.65,-104.412,6.0486,1.7,ml,27,71,0,0.2,tx,tx2026khbmwl,2026-05-26T14:32:27.886Z,"58 km S of Whites City, New Mexico",earthquake,1.2159125820103,0.8765384885808,0.2,21,reviewed,tx,tx
2026-05-26T11:15:31.060Z,34.014,-117.02983333333,17.17,0.66,ml,26,56,0.1083,0.12,ci,ci41474904,2026-05-26T13:09:09.077Z,"2 km SSE of Yucaipa, CA",earthquake,0.17,0.49,0.15515892265379,10,reviewed,ci,ci
2026-05-26T11:10:25.462Z,13.6167,144.7187,134.429,4.4,mb,49,98,1.914,0.79,us,us6000t07y,2026-05-26T12:35:48.958Z,"15 km NNW of Tamuning-Tumon-Harmon Village, Guam",earthquake,11.51,7.536,0.073,54,reviewed,us,us
2026-05-26T11:02:01.980Z,35.91,-117.70366666667,2.45,0.46,ml,13,88,0.05745,0.08,ci,ci41474896,2026-05-26T11:05:25.310Z,"19 km E of Little Lake, CA",earthquake,0.13,0.19,0.15409703225079,5,automatic,ci,ci
2026-05-26T11:00:36.460Z,33.743666666667,-116.86366666667,11.99,0.62,ml,18,92,0.07549,0.11,ci,ci41474888,2026-05-26T13:09:23.876Z,"3 km E of Valle Vista, CA",earthquake,0.25,0.48,0.17571918507625,10,reviewed,ci,ci
2026-05-26T11:00:08.292Z,32.32,-101.822,6.2988,0.8,ml,17,64,0,0.1,tx,tx2026khaeiu,2026-05-26T13:46:41.801Z,"21 km N of Stanton, Texas",earthquake,0.61841348354205,0.56685527660967,0.2,7,reviewed,tx,tx
2026-05-26T10:53:29.142Z,31.62,-104.273,7.1765,1.8,ml,35,70,0.1,0.2,tx,tx2026kgzwcr,2026-05-26T12:25:34.343Z,"56 km NW of Toyah, Texas",earthquake,0.61342408568139,0.72935750206333,0.1,17,reviewed,tx,tx
2026-05-26T10:51:13.280Z,38.819499969482,-122.79900360107,2.5899999141693,0.9,md,9,97,0.009482,0.01,nc,nc75369152,2026-05-26T11:17:24.989Z,"6 km NW of The Geysers, CA",earthquake,0.42,1.20000005,0.21,11,automatic,nc,nc
2026-05-26T10:39:09.850Z,38.826831817627,-122.81416320801,2.1300001144409,1.08,md,18,53,0.004688,0.02,nc,nc75369147,2026-05-26T11:37:20.128Z,"7 km NW of The Geysers, CA",earthquake,0.23,0.49000001,0.16,17,automatic,nc,nc
2026-05-26T10:35:51.950Z,33.956166666667,-118.68433333333,12.4,1.8,ml,74,117,0.1077,0.24,ci,ci41474880,2026-05-26T10:46:59.000Z,"9 km S of Malibu Beach, CA",earthquake,0.26,0.46,0.15706215544939,29,automatic,ci,ci
2026-05-26T10:35:16.070Z,34.010166666667,-116.72866666667,13.14,0.77,ml,39,38,0.07027,0.13,ci,ci41474872,2026-05-26T13:10:33.630Z,"12 km NNE of Cabazon, CA",earthquake,0.15,0.36,0.12312079761724,23,reviewed,ci,ci
2026-05-26T09:58:37.850Z,33.775833333333,-116.90933333333,12.68,1.41,ml,67,23,0.05838,0.21,ci,ci41474864,2026-05-26T10:09:48.140Z,"3 km NNW of Valle Vista, CA",earthquake,0.16,0.41,0.22854191465388,27,automatic,ci,ci
2026-05-26T09:49:45.380Z,29.097,-97.77,8.272,1.5,ml,18,76,0.1,0.3,tx,tx2026kgxvvl,2026-05-26T14:06:37.118Z,"18 km S of Nixon, Texas",earthquake,0.79775896162388,1.2751970766005,0.1,6,reviewed,tx,tx
2026-05-26T09:47:45.270Z,35.682333333333,-117.5565,6.79,1.07,ml,26,46,0.1095,0.13,ci,ci41474856,2026-05-26T09:51:08.854Z,"13 km ENE of Ridgecrest, CA",earthquake,0.19,0.52,0.18677632558377,14,automatic,ci,ci
2026-05-26T09:42:41.640Z,35.306666666667,-117.81233333333,7.74,2.08,ml,56,32,0.04779,0.17,ci,ci41474848,2026-05-26T13:10:29.370Z,"18 km WSW of Johannesburg, CA",earthquake,0.14,0.41,0.1772295585442,26,reviewed,ci,ci
2026-05-26T09:20:09.320Z,38.841331481934,-122.83716583252,1.6900000572205,1.02,md,20,88,0.003036,0.01,nc,nc75369117,2026-05-26T09:37:24.332Z,"10 km NW of The Geysers, CA",earthquake,0.23,0.419999987,0.27,21,automatic,nc,nc
2026-05-26T08:43:27.831Z,28.769,-99.185,7.0742,1.5,ml,10,85,0.1,0.1,tx,tx2026kgvqtb,2026-05-26T14:40:52.240Z,"8 km N of Hilltop, Texas",earthquake,2.4640520678685,2.2373604991567,0.2,8,reviewed,tx,tx
2026-05-26T08:41:37.980Z,33.714,-116.83333333333,16.12,1.26,ml,66,21,0.08007,0.18,ci,ci41474840,2026-05-26T08:52:27.460Z,"7 km SE of Valle Vista, CA",earthquake,0.15,0.34,0.22433804211643,27,automatic,ci,ci
2026-05-26T08:39:11.658Z,-8.8676,113.772,35,4.9,mb,35,48,0.545,1.11,us,us6000t06t,2026-05-26T13:25:30.906Z,"66 km SW of Gambiran Satu, Indonesia",earthquake,5.88,1.902,0.11,26,reviewed,us,us
2026-05-26T08:27:23.690Z,34.124833333333,-117.3395,10.7,1.45,ml,95,37,0.0227,0.17,ci,ci41474832,2026-05-26T08:38:20.890Z,"3 km S of Muscoy, CA",earthquake,0.12,0.2,0.1587976792705,25,automatic,ci,ci
2026-05-26T08:23:56.509Z,34.632,-97.65866667,17.62,1.59,ml,72,68,0.1808645082,0.36,ok,ok2026kfoo,2026-05-26T14:15:53.379Z,"14 km E of Bray, Oklahoma",earthquake,,1.5,0.25,32,reviewed,ok,ok
2026-05-26T08:17:53.860Z,34.857666666667,-118.945,2.94,0.93,ml,29,81,0.06453,0.15,ci,ci41474824,2026-05-26T08:21:25.646Z,"4 km N of Frazier Park, CA",earthquake,0.17,0.45,0.26836490867194,14,automatic,ci,ci
2026-05-26T08:02:37.630Z,19.310832977295,-155.85383605957,-0.64999997615814,1.95,md,38,202,0.176,0.310000002,hv,hv74968842,2026-05-26T08:06:54.950Z,"16 km S of Honaunau-Napoopoo, Hawaii",earthquake,0.95,0.529999971,0.16588378543332,13,automatic,hv,hv
2026-05-26T08:02:13.644Z,32.357,-102.088,7.666,0.2,ml,15,56,0,0.2,tx,tx2026kguhbl,2026-05-26T14:07:39.855Z,"37 km NW of Stanton, Texas",earthquake,0.91574245469433,1.0230779329394,0.2,6,reviewed,tx,tx
2026-05-26T08:00:07.890Z,35.953833333333,-117.38833333333,2.36,0.83,ml,20,79,0.1322,0.15,ci,ci41474816,2026-05-26T08:03:33.676Z,"21 km N of Searles Valley, CA",earthquake,0.21,0.45,0.15243539384812,10,automatic,ci,ci
2026-05-26T07:55:07.790Z,38.484333333333,-112.90483333333,2.46,1.28,md,14,86,0.01688,0.07,uu,uu80141076,2026-05-26T13:41:31.130Z,"13 km NE of Milford, Utah",earthquake,0.24,0.49,0.56837079437407,8,reviewed,uu,uu
2026-05-26T07:12:03.610Z,40.674499511719,-121.44850158691,8.3000001907349,2.68,md,9,101,0.1418,0.29,nc,nc75369102,2026-05-26T11:54:35.089Z,"26 km NE of Viola, CA",earthquake,1.2,5.42999983,0.19,9,automatic,nc,nc
2026-05-26T07:11:37.780Z,39.400001525879,-123.25749969482,6.4099998474121,2,md,18,48,0.09262,0.04,nc,nc75369097,2026-05-26T08:52:21.042Z,"8 km E of Willits, CA",earthquake,0.21,0.920000017,0.39,22,automatic,nc,nc
2026-05-26T06:51:27.750Z,38.823165893555,-122.8004989624,2.8499999046326,1.28,md,23,51,0.007483,0.02,nc,nc75369092,2026-05-26T08:12:20.759Z,"6 km NW of The Geysers, CA",earthquake,0.26,0.49000001,0.18,26,automatic,nc,nc
2026-05-26T06:41:47.050Z,38.794834136963,-122.80300140381,3.4800000190735,0.73,md,8,93,0.006499,0.02,nc,nc75369087,2026-05-26T07:07:25.419Z,"4 km WNW of The Geysers, CA",earthquake,0.71,1.14999998,0.19,8,automatic,nc,nc
2026-05-26T06:28:34.170Z,19.421667098999,-155.28016662598,-0.029999999329448,1.94,ml,17,60,0.005444,0.100000001,hv,hv74968807,2026-05-26T06:32:09.580Z,"5 km WSW of Volcano, Hawaii",earthquake,0.16,0.219999999,0.45,4,automatic,hv,hv
2026-05-26T06:27:45.435Z,51.6034,75.4212,10,4.5,mb,67,34,3.448,0.66,us,us6000t06f,2026-05-26T06:48:57.040Z,"15 km SSE of Ekibastuz, Kazakhstan",earthquake,7.59,1.898,0.064,71,reviewed,us,us
2026-05-26T06:24:09.950Z,37.131500244141,-121.92233276367,11.529999732971,1.96,md,35,39,0.03077,0.11,nc,nc75369082,2026-05-26T07:47:25.605Z,"6 km SE of Lexington Hills, CA",earthquake,0.22,0.449999988,0.18,30,automatic,nc,nc
2026-05-26T06:18:39.740Z,38.8313331604,-122.81416320801,2.289999961853,1.08,md,12,86,0.008546,0.02,nc,nc75369077,2026-05-26T07:27:25.564Z,"8 km NW of The Geysers, CA",earthquake,0.32,0.790000021,0.23,13,automatic,nc,nc
2026-05-26T06:10:15.460Z,19.135999679565,-155.37033081055,28.670000076294,2.05,md,41,189,0.1042,0.159999996,hv,hv74968792,2026-05-26T06:15:07.840Z,"13 km ESE of Pāhala, Hawaii",earthquake,0.6,0.75,0.09837512614419,12,automatic,hv,hv
2026-05-26T06:09:06.730Z,33.5905,-116.7275,12.21,0.48,ml,13,123,0.02638,0.08,ci,ci41474808,2026-05-26T06:12:35.486Z,"6 km NW of Anza, CA",earthquake,0.25,0.43,0.22824057916647,7,automatic,ci,ci
2026-05-26T05:53:11.730Z,38.8313331604,-122.81216430664,1.2000000476837,1,md,11,65,0.008093,0.01,nc,nc75369072,2026-05-26T07:07:25.355Z,"8 km NW of The Geysers, CA",earthquake,0.23,0.540000021,0.24,11,automatic,nc,nc
2026-05-26T05:50:21.242Z,32.365,-102.07,8.3252,0.5,ml,17,90,0,0.1,tx,tx2026kgpxly,2026-05-26T14:24:08.747Z,"37 km NW of Stanton, Texas",earthquake,1.3202881415455,1.073403892468,0.2,9,reviewed,tx,tx
2026-05-26T05:44:20.940Z,19.366500854492,-155.54866027832,-1.9400000572205,1.74,md,17,72,0.04532,0.180000007,hv,hv74968777,2026-05-26T05:48:49.360Z,"19 km NNW of Pāhala, Hawaii",earthquake,0.33,0.430000007,0.19534992662854,11,automatic,hv,hv
2026-05-26T05:26:56.305Z,32.543,-101.13,2.7873,1,ml,8,117,0.1,0.5,tx,tx2026kgpdiw,2026-05-26T05:29:51.064Z,"23 km NNW of Westbrook, Texas",earthquake,0,2.3627464771271,0.2,6,automatic,tx,tx
2026-05-26T05:18:20.130Z,34.040666666667,-117.0535,14.78,1.71,ml,89,31,0.04919,0.19,ci,ci41474792,2026-05-26T13:11:38.290Z,"1 km NW of Yucaipa, CA",earthquake,0.12,0.24,0.21027206377698,24,reviewed,ci,ci
2026-05-26T05:15:42.330Z,38.835498809815,-122.79216766357,2.2599999904633,0.52,md,6,81,0.003236,0.01,nc,nc75369062,2026-05-26T05:17:19.492Z,"6 km WNW of Cobb, CA",earthquake,0.63,1.88999999,0.22,8,automatic,nc,nc
2026-05-26T05:11:52.440Z,40.675666666667,-121.4475,7.05,3.42,ml,47,23,0.09643,0.19,nc,nc75369057,2026-05-26T12:17:25.391Z,"26 km NE of Viola, CA",earthquake,0.21,1.22,0.115,41,reviewed,nc,nc
2026-05-26T05:01:34.825Z,60.817,-150.992,7.6,1.9,ml,28,49,0.5,0.6,ak,aka2026kiffxx,2026-05-26T05:03:48.178Z,"20 km SW of Point Possession, Alaska",earthquake,2.8,2.2539,0.2,6,automatic,ak,ak
2026-05-26T04:59:29.445Z,60.282,-143.606,5,0.9,ml,7,112,0.1,1,ak,aka2026kifecc,2026-05-26T05:02:35.208Z,"122 km ESE of Cordova, Alaska",earthquake,8.2,,0.2,4,automatic,ak,ak
2026-05-26T04:36:10.213Z,31.818,-103.46,4.2225,1.6,ml,5,249,0.1,0.6,tx,tx2026kgnlpn,2026-05-26T05:00:33.928Z,"18 km NE of Mentone, Texas",earthquake,0,6.4418668746948,0.7,5,automatic,tx,tx
2026-05-26T04:33:26.670Z,38.894500732422,-123.64282989502,7.8200001716614,1.65,md,11,213,0.08212,0.05,nc,nc75369042,2026-05-26T05:32:23.741Z,"5 km ESE of Point Arena, CA",earthquake,0.8,1.04999995,0.13,8,automatic,nc,nc
2026-05-26T04:30:37.840Z,33.5315,-116.71216666667,6.2,1.01,ml,56,28,0.03979,0.2,ci,ci41474784,2026-05-26T13:11:42.660Z,"4 km SW of Anza, CA",earthquake,0.16,0.38,0.19615336461417,29,reviewed,ci,ci
2026-05-26T04:26:58.447Z,32.2793,-104.6134,6.339,2.9,ml,44,54,0.226,0.36,us,us6000t061,2026-05-26T04:34:41.040Z,"25 km WNW of Whites City, New Mexico",earthquake,3,5.484,0.057,40,reviewed,us,us
2026-05-26T04:17:03.501Z,32.543,-101.141,6.6895,1.9,ml,34,70,0.1,0.2,tx,tx2026kgmvcl,2026-05-26T12:16:00.756Z,"24 km NNW of Westbrook, Texas",earthquake,0.80351530864145,1.9266630786394,0.1,29,reviewed,tx,tx
2026-05-26T04:12:08.580Z,19.163833618164,-155.49234008789,29.909999847412,1.92,md,32,158,0.08433,0.140000001,hv,hv74968737,2026-05-26T04:16:05.950Z,"4 km SSW of Pāhala, Hawaii",earthquake,0.63,1.04999995,0.12741054165824,14,automatic,hv,hv
2026-05-26T03:55:16.320Z,19.891166687012,-155.71617126465,35.060001373291,2.55,md,45,120,0.06492,0.119999997,hv,hv74968732,2026-05-26T04:19:20.040Z,"9 km SE of Waikoloa, Hawaii",earthquake,0.59,0.680000007,0.10250895513806,10,automatic,hv,hv
2026-05-26T03:54:08.060Z,36.42366667,-96.89816667,8,1.53,ml,86,41,0.03329346669,0.17,ok,ok2026kffr,2026-05-26T14:04:26.780Z,"12 km NW of Pawnee, Oklahoma",earthquake,,0.2,0.25,35,reviewed,ok,ok
2026-05-26T03:52:32.200Z,33.996333333333,-117.225,3.85,0.77,ml,31,90,0.06533,0.19,ci,ci41474776,2026-05-26T03:55:53.933Z,"7 km SSE of Loma Linda, CA",earthquake,0.25,0.8,0.19127216463257,23,automatic,ci,ci
2026-05-26T03:32:08.835Z,28.89,-98.974,5.1751,1.5,ml,11,88,0.1,0.2,tx,tx2026kglikp,2026-05-26T14:47:38.909Z,"11 km E of Pearsall, Texas",earthquake,2.3204062503898,2.0690425985237,0.2,10,reviewed,tx,tx
2026-05-26T03:28:09.600Z,38.835834503174,-122.81483459473,2.2300000190735,0.71,md,11,60,0.01297,0.01,nc,nc75369022,2026-05-26T04:42:25.432Z,"8 km W of Cobb, CA",earthquake,0.36,1.23000002,0.2,13,automatic,nc,nc
2026-05-26T03:25:21.568Z,28.786,-98.993,7.5803,1.6,ml,22,84,0.1,0.4,tx,tx2026kglcoa,2026-05-26T14:40:18.421Z,"15 km SE of Pearsall, Texas",earthquake,2.550723532677,1.8327717023685,0.2,6,reviewed,tx,tx
2026-05-26T03:18:48.008Z,31.715,-104.281,6.7151,1.7,ml,39,67,0,0.2,tx,tx2026kgktrv,2026-05-26T11:31:37.910Z,"51 km S of Whites City, New Mexico",earthquake,0.63888674381472,0.69553693049989,0.2,26,reviewed,tx,tx
2026-05-26T03:11:58.480Z,33.960166931152,-118.6823348999,12.39999961853,3.1736164169622,ml,116,67,0.1034,0.25,ci,ci41474768,2026-05-26T12:00:47.519Z,"8 km S of Malibu Beach, CA",earthquake,0.28,0.610000014,0.25919061899185,21,reviewed,ci,ci
2026-05-26T03:11:00.383Z,-22.3134,-68.7517,112.943,4.1,mb,18,60,0.687,0.55,us,us6000t05w,2026-05-26T04:05:51.040Z,"23 km NE of Calama, Chile",earthquake,4.54,3.83,0.165,10,reviewed,us,us
2026-05-26T03:08:55.121Z,31.634,-104.062,3.2643,1.4,ml,7,120,0,0.7,tx,tx2026kgkofo,2026-05-26T04:00:38.560Z,"43 km NW of Toyah, Texas",earthquake,0,1.9407320022583,0.3,6,automatic,tx,tx
2026-05-26T03:07:56.831Z,53.419,-166.988,0.3,3.8,ml,24,194,0.4,0.4,ak,aka2026kibljn,2026-05-26T04:56:03.716Z,"58 km SSW of Unalaska, Alaska",earthquake,8.5,4.6422,0.2,16,reviewed,ak,ak
2026-05-26T03:07:49.766Z,53.412,-166.996,2.8,3,ml,19,197,0.4,0.4,ak,aka2026kiblgw,2026-05-26T04:58:07.601Z,"59 km SSW of Unalaska, Alaska",earthquake,9.7,5.5114,0.1,13,reviewed,ak,ak
2026-05-26T03:03:34.180Z,53.397,-166.984,2,3.6,ml,20,198,0.4,0.7,ak,aka2026kibhpc,2026-05-26T04:44:16.364Z,"60 km SSW of Unalaska, Alaska",earthquake,8.9,3.3003,0.2,15,reviewed,ak,ak
2026-05-26T02:59:14.445Z,60.15,-141.271,14.1,1.3,ml,6,299,0.5,0.2,ak,aka2026kibdvg,2026-05-26T03:02:16.981Z,"109 km NW of Yakutat, Alaska",earthquake,73.1,8.4603,0.1,4,automatic,ak,ak
2026-05-26T02:49:21.739Z,58.83,-152.258,57.1,2.9,ml,53,135,0.2,0.5,ak,aka2026kiavec,2026-05-26T03:57:50.040Z,"61 km SSW of Nanwalek, Alaska",earthquake,4,3.6529,0.7,4,automatic,ak,ak
2026-05-26T02:48:56.130Z,20.18466758728,-154.85032653809,11.119999885559,2.17,md,34,306,0.4113,0.25,hv,hv74968702,2026-05-26T03:43:51.040Z,"44 km NE of Honomu, Hawaii",earthquake,4.73,6.55000019,0.14168742571621,16,automatic,hv,hv
2026-05-26T02:47:00.462Z,-22.2404,-68.9082,121.709,4.3,mb,23,50,0.54,0.75,us,us6000t05t,2026-05-26T03:49:19.040Z,"24 km N of Calama, Chile",earthquake,3.41,5.33,0.153,12,reviewed,us,us
2026-05-26T02:40:17.243Z,63.055,-149.677,74.7,1.7,ml,27,107,0.6,0.9,ak,aka2026kiangi,2026-05-26T02:42:15.090Z,"52 km SW of Cantwell, Alaska",earthquake,4.5,4.817,0.2,5,automatic,ak,ak
2026-05-26T02:27:19.660Z,33.815,-117.02066666667,16.32,0.59,ml,9,179,0.1078,0.07,ci,ci41474760,2026-05-26T02:30:46.560Z,"7 km WNW of San Jacinto, CA",earthquake,0.38,0.47,0.20604654178539,6,automatic,ci,ci
2026-05-26T02:26:00.823Z,-22.2623,-68.8934,117.904,4.2,mb,18,61,0.565,0.27,us,us6000t05r,2026-05-26T03:32:44.331Z,"21 km N of Calama, Chile",earthquake,4.62,6.244,0.199,7,reviewed,us,us
2026-05-26T02:13:57.280Z,33.359,-116.756,12.05,1.18,ml,65,23,0.08942,0.19,ci,ci41474744,2026-05-26T02:17:25.532Z,"10 km E of Palomar Observatory, CA",earthquake,0.14,0.47,0.31683127436684,17,automatic,ci,ci
2026-05-26T02:13:32.080Z,36.046001434326,-120.19316864014,9,2.5,md,31,138,0.08711,0.11,nc,nc75368997,2026-05-26T03:32:22.995Z,"7 km NW of Avenal, CA",earthquake,0.27,0.409999996,0.15,37,automatic,nc,nc
2026-05-26T02:08:03.420Z,-28.3135,-176.5972,10,5.3,mb,57,73,10.165,0.74,us,us6000t05n,2026-05-26T02:27:31.040Z,"Kermadec Islands region",earthquake,9.75,1.863,0.051,129,reviewed,us,us
2026-05-26T02:00:28.917Z,31.684,-104.499,5.3444,-0.6,ml,5,139,0,0.1,tx,tx2026kgigwj,2026-05-26T03:00:29.748Z,"55 km SSW of Whites City, New Mexico",earthquake,0,4.9965362548828,0.1,5,automatic,tx,tx
2026-05-26T01:52:37.666Z,32.1447,-103.2154,8.224,2.2,mb_lg,41,54,0.196,0.86,us,us6000t05m,2026-05-26T08:17:43.268Z,"4 km NNW of Jal, New Mexico",earthquake,1.84,7.114,0.114,32,reviewed,us,us
2026-05-26T01:47:04.220Z,44.773666666667,-110.97166666667,9.59,0.75,ml,14,142,0.02845,0.11,uu,uu80141071,2026-05-26T13:27:00.920Z,"16 km NE of West Yellowstone, Montana",earthquake,0.36,0.65,0.17008234213981,3,reviewed,uu,uu
2026-05-26T01:41:14.410Z,33.164333333333,-116.581,15.84,0.7,ml,31,73,0.06553,0.16,ci,ci41474728,2026-05-26T01:44:46.655Z,"10 km NNE of Julian, CA",earthquake,0.24,0.39,0.14658335050306,11,automatic,ci,ci
2026-05-26T01:35:37.065Z,-4.24,126.0995,394.09,4.1,mb,15,115,5.773,0.69,us,us6000t05l,2026-05-26T01:55:04.040Z,"239 km WSW of Ambon, Indonesia",earthquake,12.45,11.632,0.213,6,reviewed,us,us
2026-05-26T01:35:08.760Z,38.830833435059,-122.81966400147,1.5900000333786,0.77,md,15,51,0.01055,0.03,nc,nc75368977,2026-05-26T01:52:22.392Z,"8 km NW of The Geysers, CA",earthquake,0.23,0.600000024,0.13,16,automatic,nc,nc
2026-05-26T01:28:38.160Z,28.721,-98.954,6.658,1.9,ml,24,94,0.2,0.3,tx,tx2026kghgao,2026-05-26T13:05:06.817Z,"21 km E of Hilltop, Texas",earthquake,1.2376459903272,1.0815834429638,0.2,17,reviewed,tx,tx
2026-05-26T01:21:23.180Z,33.164333333333,-116.589,13.93,1.55,ml,61,33,0.05995,0.22,ci,ci41474712,2026-05-26T01:24:56.426Z,"10 km N of Julian, CA",earthquake,0.18,0.4,0.22989193842485,26,automatic,ci,ci
2026-05-26T01:08:40.060Z,33.381333333333,-116.9645,8.15,0.66,ml,22,38,0.05685,0.21,ci,ci41474704,2026-05-26T01:12:07.550Z,"10 km WNW of Palomar Observatory, CA",earthquake,0.27,0.79,0.096084838029976,15,automatic,ci,ci
2026-05-26T00:26:38.150Z,38.82833480835,-122.82099914551,1.7000000476837,1.3,md,22,43,0.01214,0.02,nc,nc75368957,2026-05-26T02:52:22.754Z,"8 km NW of The Geysers, CA",earthquake,0.18,0.389999986,0.11,24,automatic,nc,nc
2026-05-26T00:21:02.150Z,36.207000732422,-120.37232971191,10.189999580383,1.82,md,14,128,0.04811,0.08,nc,nc75368952,2026-05-26T02:27:23.611Z,"7 km N of Coalinga, CA",earthquake,0.5,0.670000017,0.18,8,automatic,nc,nc
2026-05-26T00:20:57.882Z,-22.3305,-68.7694,117.022,4.2,mb,20,69,0.689,0.53,us,us6000t05h,2026-05-26T04:04:42.466Z,"21 km NE of Calama, Chile",earthquake,4.82,6.084,0.159,11,reviewed,us,us
2026-05-26T00:16:48.646Z,31.752,-103.845,4.5635,1.4,ml,31,109,0.1,0.5,tx,tx2026kgevlu,2026-05-26T00:20:55.892Z,"23 km WNW of Mentone, Texas",earthquake,0,0.93298161029816,0.1,23,automatic,tx,tx
2026-05-25T23:41:18.930Z,35.844666666667,-84.006,15.77,1.68,md,9,92,0.09361,0.08,se,se60505588,2026-05-26T12:09:20.660Z,"4 km NE of Louisville, Tennessee",earthquake,0.65,1.36,0.15871879389206,7,reviewed,se,se
2026-05-25T23:40:26.826Z,-22.2646,-68.6908,115.167,4.3,mb,25,45,0.692,0.74,us,us6000t058,2026-05-26T03:43:38.040Z,"32 km NE of Calama, Chile",earthquake,5.08,6.425,0.178,9,reviewed,us,us
2026-05-25T23:40:22.890Z,59.506,-152.841,104.1,1.9,ml,48,90,0.2,0.5,ak,aka2026khunkf,2026-05-25T23:43:05.895Z,"54 km WNW of Nanwalek, Alaska",earthquake,5.1,2.2534,0.2,4,automatic,ak,ak
2026-05-25T23:34:26.950Z,40.291332244873,-124.6446685791,15.880000114441,2.38,md,16,288,0.2311,0.17,nc,nc75368947,2026-05-26T01:37:21.292Z,"31 km W of Petrolia, CA",earthquake,3.74,1.25999999,0.1,11,automatic,nc,nc
2026-05-25T23:33:57.255Z,31.681,-104.415,4.8069,1.4,ml,18,86,0,0.4,tx,tx2026kgdkyw,2026-05-25T23:36:52.218Z,"54 km S of Whites City, New Mexico",earthquake,0,1.3104895353317,0.2,12,automatic,tx,tx
2026-05-25T23:31:55.698Z,53.37,159.633,79.612,4.6,mb,187,141,1.192,0.62,us,us6000t059,2026-05-26T03:26:03.040Z,"75 km ENE of Petropavlovsk-Kamchatsky, Russia",earthquake,11.52,7.3,0.04,186,reviewed,us,us
2026-05-25T23:27:17.218Z,60.985,-147.348,25.2,1.8,ml,19,95,0.2,0.8,ak,aka2026khucaw,2026-05-25T23:28:31.548Z,"38 km WNW of Tatitlek, Alaska",earthquake,4,2.6496,0.2,4,automatic,ak,ak
2026-05-25T23:17:54.540Z,19.191333770752,-155.50349426269,29.940000534058,2.4,md,46,85,0.05298,0.119999997,hv,hv74968607,2026-05-25T23:22:05.950Z,"2 km WSW of Pāhala, Hawaii",earthquake,0.45,0.649999976,0.11155274634607,12,automatic,hv,hv
2026-05-25T23:12:11.280Z,33.183,-115.59966666667,2.77,1.12,ml,20,46,0.01921,0.16,ci,ci41474680,2026-05-25T23:15:37.643Z,"10 km SW of Niland, CA",earthquake,0.21,0.25,0.29202941598199,17,automatic,ci,ci
2026-05-25T22:51:06.090Z,38.837833404541,-122.78583526611,1.9800000190735,0.69,md,10,84,0.003568,0.02,nc,nc75368927,2026-05-25T22:52:44.508Z,"6 km WNW of Cobb, CA",earthquake,0.35,0.540000021,0.21,10,automatic,nc,nc
2026-05-25T22:45:56.332Z,61.147,-146.507,0.4,1.6,ml,32,68,0.1,0.9,ak,aka2026khssai,2026-05-25T22:47:57.468Z,"8 km WNW of Valdez, Alaska",earthquake,3.2,2.5242,0.3,8,automatic,ak,ak
2026-05-25T22:24:56.670Z,37.500831604004,-118.81216430664,5.0199999809265,2.27,md,22,120,0.09005,0.05,nc,nc75368922,2026-05-26T00:57:21.121Z,"13 km WSW of Toms Place, CA",earthquake,0.37,1.19000006,0.24,24,automatic,nc,nc
2026-05-25T22:22:44.030Z,38.821666717529,-122.76533508301,1.9199999570847,1.3,md,26,106,0.009491,0.03,nc,nc75368917,2026-05-26T00:42:23.941Z,"4 km W of Cobb, CA",earthquake,0.25,0.360000014,0.18,25,automatic,nc,nc
2026-05-25T22:21:45.620Z,35.8655,-117.68966666667,7.96,1.3,ml,33,38,0.08345,0.16,ci,ci41474672,2026-05-25T22:25:09.165Z,"21 km ESE of Little Lake, CA",earthquake,0.17,0.5,0.21081450309868,21,automatic,ci,ci
2026-05-25T22:17:13.183Z,32.312,-102.16,7.3486,1.1,ml,23,71,0,0.1,tx,tx2026kgawzx,2026-05-26T13:52:26.563Z,"34 km E of McKinney Acres, Texas",earthquake,0.75003432506402,0.72588758340382,0.2,13,reviewed,tx,tx
2026-05-25T22:09:29.278Z,31.547,-104.129,7.9456,1.5,ml,36,68,0,0.2,tx,tx2026kgaqcf,2026-05-26T11:53:36.678Z,"41 km NW of Toyah, Texas",earthquake,0.57972605979566,0.72362059160558,0.2,19,reviewed,tx,tx
2026-05-25T22:08:45.098Z,-22.2772,-68.7439,115.218,4.3,mb,22,55,0.665,0.63,us,us6000t04v,2026-05-26T02:33:50.040Z,"27 km NE of Calama, Chile",earthquake,4.12,6.125,0.202,7,reviewed,us,us
2026-05-25T22:03:41.946Z,-4.0316,134.0499,10,4.9,mb,28,117,2.11,0.66,us,us6000t04u,2026-05-26T02:12:01.040Z,"177 km WSW of Nabire, Indonesia",earthquake,10.69,1.915,0.112,27,reviewed,us,us
2026-05-25T22:03:22.702Z,-22.4709,-68.8216,114.776,4.8,mb,23,67,0.732,0.8,us,us6000t04w,2026-05-26T01:53:45.040Z,"10 km E of Calama, Chile",earthquake,3.13,5.664,0.226,7,reviewed,us,us
2026-05-25T22:01:37.810Z,38.827499389648,-122.80616760254,2.579999923706,0.7,md,8,84,0.00511,0.01,nc,nc75368887,2026-05-25T22:17:24.042Z,"7 km NW of The Geysers, CA",earthquake,0.42,1.23000002,0.17,10,automatic,nc,nc
2026-05-25T22:01:26.739Z,62.253,-149.42,55.7,1.3,ml,6,178,0.4,0.6,ak,aka2026khrfpw,2026-05-25T22:03:19.653Z,"24 km ENE of Susitna North, Alaska",earthquake,18,12.3264,0.2,6,automatic,ak,ak
2026-05-25T21:52:20.043Z,-22.3883,-68.6422,109,6.9,mww,304,24,0.706,0.53,us,us6000t04s,2026-05-26T14:35:28.521Z,"29 km ENE of Calama, Chile",earthquake,5.59,1.833,0.045,48,reviewed,us,us
2026-05-25T21:46:18.473Z,61.538,-141.003,13.6,1.5,ml,9,145,0.4,0.3,ak,aka2026khqsmp,2026-05-25T21:48:46.526Z,"102 km E of McCarthy, Alaska",earthquake,9,5.3233,0.1,6,automatic,ak,ak
2026-05-25T21:30:18.494Z,28.7,-98.441,14.8897,2.1,ml,5,122,0.2,0.4,tx,tx2026kfzioq,2026-05-25T21:33:31.957Z,"11 km SSE of Christine, Texas",earthquake,0,11.792852401733,0.2,5,automatic,tx,tx
2026-05-25T21:30:17.658Z,28.722,-98.474,8.1467,1.9,ml,35,42,0,0.2,tx,tx2026kfziat,2026-05-26T09:38:29.501Z,"7 km SSE of Christine, Texas",earthquake,0.49960020662074,0.84197442457853,0.2,16,reviewed,tx,tx
2026-05-25T21:29:11.076Z,31.748,-103.845,4.5375,1.5,ml,26,54,0,0.4,tx,tx2026kfzhqz,2026-05-25T22:02:04.718Z,"23 km WNW of Mentone, Texas",earthquake,0,0.97479397058487,0.2,18,automatic,tx,tx
2026-05-25T21:27:49.263Z,31.756,-103.836,7.6508,1.9,ml,38,58,0,0.1,tx,tx2026kfzglk,2026-05-26T10:26:44.968Z,"23 km WNW of Mentone, Texas",earthquake,0.34593230538854,0.36768653111303,0.1,26,reviewed,tx,tx
2026-05-25T21:24:40.662Z,31.644,-104.292,1.9086,1.9,ml,34,68,0,0.2,tx,tx2026kfzdue,2026-05-26T09:49:50.175Z,"59 km S of Whites City, New Mexico",earthquake,0.54290516047004,0.54305364108736,0.2,19,reviewed,tx,tx
2026-05-25T21:19:18.070Z,33.5415,-116.71083333333,5.73,0.55,ml,18,56,0.03251,0.1,ci,ci41474640,2026-05-25T21:22:43.809Z,"4 km WSW of Anza, CA",earthquake,0.17,0.32,0.21314630498851,12,automatic,ci,ci
2026-05-25T21:16:04.510Z,34.402166666667,-120.172,13.49,1.21,ml,6,284,0.08209,0.14,ci,ci10240830,2026-05-26T04:10:38.127Z,"22 km S of Solvang, CA",earthquake,1.21,1.12,0.39837707877323,9,automatic,ci,ci
2026-05-25T21:16:00.780Z,38.81816482544,-122.82849884033,8.6199998855591,0.8,md,8,131,0.007104,0.05,nc,nc75368877,2026-05-25T21:37:23.773Z,"8 km NW of The Geysers, CA",earthquake,1.83,6.61999989,0.14,9,automatic,nc,nc
2026-05-25T21:08:22.870Z,33.656666666667,-116.73866666667,14.48,0.63,ml,24,92,0.05546,0.12,ci,ci41474632,2026-05-26T13:12:10.251Z,"9 km S of Idyllwild, CA",earthquake,0.26,0.32,0.15111845684049,11,reviewed,ci,ci
2026-05-25T21:07:15.923Z,32.043,-101.879,8.5693,1.1,ml,61,33,0.1,0.1,tx,tx2026kfynux,2026-05-26T10:12:29.550Z,"12 km SW of Stanton, Texas",earthquake,0.27598589072256,0.65214526216424,0.2,30,reviewed,tx,tx
2026-05-25T21:04:47.190Z,35.679,-117.52883333333,6.74,0.97,ml,19,75,0.08671,0.11,ci,ci41474624,2026-05-25T21:08:17.864Z,"15 km ENE of Ridgecrest, CA",earthquake,0.24,0.51,0.22233059415691,12,automatic,ci,ci
2026-05-25T20:55:02.340Z,38.837665557861,-122.79183197022,2.3099999427795,0.92,md,12,74,0.001379,0.02,nc,nc75368872,2026-05-25T21:17:27.702Z,"6 km WNW of Cobb, CA",earthquake,0.32,0.560000002,0.2,12,automatic,nc,nc
2026-05-25T20:49:20.013Z,58.233,-155.078,2.2,0.4,ml,6,134,0,0.2,ak,aka2026khovcf,2026-05-25T20:52:06.445Z,"82 km NNW of Karluk, Alaska",earthquake,13.9,44.0001,0.1,6,automatic,ak,ak
2026-05-25T20:39:20.664Z,1.1115,126.0911,31.057,5.6,mww,86,41,7.343,0.88,us,us6000t04f,2026-05-26T01:01:09.511Z,"113 km ESE of Bitung, Indonesia",earthquake,9.3,5.068,0.08,15,reviewed,us,us
2026-05-25T20:36:07.940Z,35.314833333333,-117.8055,7.23,2.24,ml,58,33,0.05767,0.2,ci,ci41474616,2026-05-25T20:46:37.390Z,"17 km WSW of Johannesburg, CA",earthquake,0.16,0.52,0.23263184897575,26,automatic,ci,ci
2026-05-25T20:23:15.160Z,33.918333333333,-119.462,9.32,2.46,ml,46,92,0.1631,0.25,ci,ci41474600,2026-05-26T03:23:28.264Z,"14 km SSE of Santa Cruz Is. (E end), CA",earthquake,0.29,0.95,0.19579906526087,26,automatic,ci,ci
2026-05-25T19:53:01.170Z,38.806499481201,-122.62216949463,4.0700001716614,1.18,md,5,223,0.1257,0.15,nc,nc75368857,2026-05-25T22:07:22.045Z,"6 km W of Hidden Valley Lake, CA",earthquake,4.31,12.5799999,0.05,2,automatic,nc,nc
2026-05-25T19:49:35.000Z,18.011166666667,-66.737166666667,12.29,2.06,md,15,169,0.05247,0.15,pr,pr71517783,2026-05-25T20:21:12.120Z,"2 km NW of Tallaboa, Puerto Rico",earthquake,0.41,0.57,0.16139294413643,9,reviewed,pr,pr
2026-05-25T19:48:07.250Z,18.013166666667,-66.74,12.9,2.37,md,21,134,0.0495,0.12,pr,pr71517778,2026-05-25T20:03:53.690Z,"3 km E of Magas Arriba, Puerto Rico",earthquake,0.3,0.35,0.15542294770348,12,reviewed,pr,pr
2026-05-25T19:18:29.030Z,34.414166666667,-120.1535,5.96,1.42,ml,24,92,0.08006,0.23,ci,ci10240822,2026-05-26T04:09:23.122Z,"20 km S of Solvang, CA",earthquake,0.38,1.08,0.19490064769092,24,automatic,ci,ci
2026-05-25T19:09:57.551Z,31.519,-104.16,4.0563,1.6,ml,14,138,0.1,0.4,tx,tx2026kfurrs,2026-05-25T20:01:07.399Z,"41 km WNW of Toyah, Texas",earthquake,0,2.0968463420868,0.3,11,automatic,tx,tx
2026-05-25T19:08:32.544Z,58.281,-155.552,5,0.9,ml,17,63,0.1,0.4,ak,aka2026khllrp,2026-05-25T19:10:37.663Z,"79 km SE of King Salmon, Alaska",earthquake,4.7,,0.1,8,automatic,ak,ak
2026-05-25T18:55:23.850Z,36.779834747315,-121.36166381836,3.579999923706,1.76,md,20,68,0.03999,0.06,nc,nc75368832,2026-05-25T20:27:21.332Z,"4 km S of Ridgemark, CA",earthquake,0.21,0.589999974,0.19,15,automatic,nc,nc
2026-05-25T18:47:31.660Z,36.110668182373,-120.17333221435,9.3500003814697,2.21,md,29,148,0.05651,0.13,nc,nc75368822,2026-05-25T20:07:21.217Z,"12 km SSW of Huron, CA",earthquake,0.31,0.419999987,0.23,21,automatic,nc,nc
2026-05-25T18:46:25.370Z,38.836166381836,-122.78316497803,1.7699999809265,0.66,md,8,81,0.006037,0.01,nc,nc75368812,2026-05-25T19:47:25.081Z,"5 km WNW of Cobb, CA",earthquake,0.44,0.600000024,0.21,9,automatic,nc,nc
2026-05-25T18:34:01.820Z,38.833168029785,-122.874168396,2.7400000095367,0.66,md,7,170,0.008835,0.02,nc,nc75368802,2026-05-25T19:22:21.997Z,"12 km WNW of The Geysers, CA",earthquake,0.71,1.26999998,0.13,8,automatic,nc,nc
2026-05-25T18:33:20.630Z,35.3015,-117.81033333333,7.76,1.78,ml,50,35,0.04471,0.16,ci,ci41474560,2026-05-26T13:12:46.920Z,"18 km WSW of Johannesburg, CA",earthquake,0.14,0.43,0.1362722042309,27,reviewed,ci,ci
2026-05-25T18:24:47.460Z,35.863333333333,-117.68633333333,9.19,0.3,ml,16,66,0.08403,0.09,ci,ci41474552,2026-05-25T18:28:14.799Z,"21 km ESE of Little Lake, CA",earthquake,0.19,0.43,0.083816067681778,4,automatic,ci,ci
2026-05-25T18:19:47.708Z,31.547,-104.142,7.6892,1.8,ml,31,69,0,0.1,tx,tx2026kftagl,2026-05-26T11:20:07.130Z,"41 km NW of Toyah, Texas",earthquake,0.64323734452304,0.53878684302866,0.2,15,reviewed,tx,tx
2026-05-25T18:19:47.670Z,35.8645,-117.68833333333,8.3,0.57,ml,19,55,0.08357,0.13,ci,ci41474544,2026-05-25T18:23:18.750Z,"21 km ESE of Little Lake, CA",earthquake,0.2,0.5,0.13425919957304,8,automatic,ci,ci
2026-05-25T18:17:58.985Z,60.835,-151.204,60.2,1.9,ml,42,43,0.5,0.8,ak,aka2026khjtwa,2026-05-25T18:23:12.731Z,"16 km NNE of Nikiski, Alaska",earthquake,3,3.5171,0.1,29,automatic,ak,ak
2026-05-25T17:53:31.759Z,65.361,-168.996,10.7,3.7,ml,13,236,1.7,0.9,ak,aka2026khizno,2026-05-26T04:41:39.947Z,"44 km S of Diomede, Alaska",earthquake,16.1,10.4092,0.1,10,reviewed,ak,ak
2026-05-25T17:32:36.270Z,37.151832580566,-121.45099639893,24.120000839233,1.42,md,7,177,0.2071,0.21,nc,nc75368767,2026-05-25T18:27:20.570Z,"16 km ENE of San Martin, CA",earthquake,2.05,2.3599999,,1,automatic,nc,nc
2026-05-25T16:57:48.530Z,31.53,-104.007,6.8689,1.6,ml,41,56,0,0.2,tx,tx2026kfqhjr,2026-05-26T11:43:01.784Z,"31 km NW of Toyah, Texas",earthquake,0.57384858735064,0.67671711033456,0.2,30,reviewed,tx,tx
2026-05-25T16:26:48.810Z,35.307833333333,-117.80816666667,7.84,1.25,ml,40,35,0.05074,0.15,ci,ci41474504,2026-05-26T13:13:52.860Z,"17 km WSW of Johannesburg, CA",earthquake,0.15,0.39,0.20571327159174,23,reviewed,ci,ci
2026-05-25T16:16:58.334Z,61.794,-150.782,58,2.5,ml,47,49,0.7,0.7,ak,aka2026khfsyc,2026-05-25T16:57:00.204Z,"31 km NNW of Susitna, Alaska",earthquake,3.2,5.2023,0.2,4,automatic,ak,ak
2026-05-25T16:13:15.580Z,35.316666666667,-117.80566666667,6.67,0.83,ml,28,95,0.0591,0.19,ci,ci41474496,2026-05-25T16:16:46.447Z,"17 km WSW of Johannesburg, CA",earthquake,0.26,0.49,0.19940464473412,11,automatic,ci,ci
2026-05-25T16:12:57.904Z,-57.9499,-25.7657,131.676,4.9,mb,48,87,19.312,1.03,us,us6000t02k,2026-05-25T16:29:14.040Z,"South Sandwich Islands region",earthquake,12.86,7.467,0.075,57,reviewed,us,us
2026-05-25T15:47:57.540Z,34.490166666667,-118.96016666667,-1.09,1.17,ml,17,116,0.03746,0.27,ci,ci41474488,2026-05-25T15:51:24.839Z,"11 km NNW of Fillmore, CA",earthquake,0.57,1.08,0.2288219140824,33,automatic,ci,ci
2026-05-25T15:39:54.670Z,38.826667785645,-122.81366729736,2.25,0.75,md,13,56,0.004308,0.01,nc,nc75368727,2026-05-25T15:57:21.584Z,"7 km NW of The Geysers, CA",earthquake,0.29,0.879999995,0.21,14,automatic,nc,nc
2026-05-25T15:25:12.910Z,34.093666666667,-117.302,14.98,0.77,ml,22,171,0.117,0.15,ci,ci41474472,2026-05-25T15:28:42.032Z,"2 km NNE of Colton, CA",earthquake,0.42,0.43,0.12864218817349,19,automatic,ci,ci
2026-05-25T15:23:19.390Z,19.329166412354,-155.88000488281,21.010000228882,1.73,md,18,216,0.2053,0.300000012,hv,hv74968367,2026-05-25T15:27:00.540Z,"14 km S of Honaunau-Napoopoo, Hawaii",earthquake,1.2,2.75999999,0.15106155461473,16,automatic,hv,hv
2026-05-25T15:22:57.140Z,38.824333190918,-122.80349731445,2.7400000095367,0.36,md,7,82,0.005222,0.02,nc,nc75368722,2026-05-25T15:42:24.481Z,"7 km NW of The Geysers, CA",earthquake,0.55,1.57000005,0.26,8,automatic,nc,nc
2026-05-25T15:19:04.259Z,31.552,-104.189,3.4002,0.8,ml,14,144,0.1,0.6,tx,tx2026kfnaqe,2026-05-25T15:21:30.502Z,"45 km NW of Toyah, Texas",earthquake,0,1.8997993469238,0.2,9,automatic,tx,tx
2026-05-25T15:13:03.620Z,31.51,-104.013,6.8689,1.6,ml,42,62,0,0.2,tx,tx2026kfmvod,2026-05-26T11:05:41.765Z,"30 km NW of Toyah, Texas",earthquake,0.54205460880875,0.62276078184578,0.2,24,reviewed,tx,tx
2026-05-25T15:02:35.126Z,64.885,-148.704,19.5,0.8,ml,7,105,0.2,0.2,ak,aka2026khdglh,2026-05-25T15:04:02.461Z,"32 km W of Ester, Alaska",earthquake,5.9,11.0015,0.1,4,automatic,ak,ak
2026-05-25T15:00:31.611Z,-4.7343,153.126,66.807,5,mb,68,93,1.101,0.78,us,us6000t028,2026-05-25T15:21:05.040Z,"104 km ESE of Kokopo, Papua New Guinea",earthquake,6.29,5.844,0.069,67,reviewed,us,us
2026-05-25T14:58:08.811Z,38.2008,-117.765,9.0308,2.42,ml,26,104,0.445,0.2978,nn,nn00919185,2026-05-25T15:01:17.299Z,"36 km SE of Mina, Nevada",earthquake,,0.4854,0.49,11,automatic,nn,nn
2026-05-25T14:55:01.874Z,62.15,-149.524,53.9,2.2,ml,42,38,0.4,0.7,ak,aka2026khczww,2026-05-25T14:56:40.389Z,"17 km E of Susitna North, Alaska",earthquake,3.1,3.5182,0.2,4,automatic,ak,ak
2026-05-25T14:54:55.010Z,33.226833333333,-116.03966666667,3.71,1.22,ml,45,59,0.06968,0.22,ci,ci41474456,2026-05-25T14:58:25.702Z,"11 km SW of Salton City, CA",earthquake,0.18,0.39,0.12687670625968,25,automatic,ci,ci
